tache_id,type_tache,charge_estimee_heures,duree_minutes_calculee,nb_ressources_compatibles,source_compatibilite,statut
T259,Désherbage,27.0575,1623,15,compétence,traduit
T634,Nettoyage,0.32039999999999996,19,15,compétence,traduit
T163,Binage,0.1322222222222222,8,15,compétence,traduit
T208,Confection des cuvettes,2.4166666666666665,145,15,compétence,traduit
T235,Binage,5.173333333333333,310,15,compétence,traduit
T428,Binage,6.225,374,15,compétence,traduit
T137,Tonte,0.009166666666666667,1,12,compétence,traduit
T138,Tonte,0.03666666666666667,2,12,compétence,traduit
T206,Confection des cuvettes,2.4166666666666665,145,15,compétence,traduit
T207,Confection des cuvettes,2.4166666666666665,145,15,compétence,traduit
T616,Nettoyage,0.32039999999999996,19,15,compétence,traduit
T255,Désherbage,27.0575,1623,15,compétence,traduit
T239,Binage,5.173333333333333,310,15,compétence,traduit
T265,Confection des cuvettes,0.95,57,15,compétence,traduit
T242,Binage,5.173333333333333,310,15,compétence,traduit
T222,Désherbage,12.25,735,15,compétence,traduit
T216,Binage,2.6766666666666663,161,15,compétence,traduit
T214,Binage,2.6766666666666663,161,15,compétence,traduit
T250,Désherbage,28.706666666666667,1722,15,compétence,traduit
T237,Binage,5.173333333333333,310,15,compétence,traduit
T251,Désherbage,28.706666666666667,1722,15,compétence,traduit
T183,Tonte,0.009166666666666667,1,12,compétence,traduit
T184,Tonte,0.009166666666666667,1,12,compétence,traduit
T209,Nettoyage,11.64,698,15,compétence,traduit
T220,Désherbage,12.25,735,15,compétence,traduit
T228,Confection des cuvettes,1.125,68,15,compétence,traduit
T229,Confection des cuvettes,1.125,68,15,compétence,traduit
T3034,Désherbage,844.57,50674,15,compétence,traduit
T1432,Réparation des fuites,0.0,30,1,"affectation (fallback, type non mappé)",traduit
T256,Désherbage,27.0575,1623,15,compétence,traduit
T205,Confection des cuvettes,2.0,120,15,compétence,traduit
T167,Arrosage,0.134375,8,15,compétence,traduit
T171,Taille d'entretien,0.09049382716049383,5,1,"affectation (fallback, type non mappé)",traduit
T246,Binage,9.196666666666667,552,15,compétence,traduit
T236,Binage,5.173333333333333,310,15,compétence,traduit
T285,Binage,0.0046502057613168725,1,15,compétence,traduit
T281,Arrosage,0.6633333333333333,40,15,compétence,traduit
T429,Binage,6.225,374,15,compétence,traduit
T176,Binage,0.016527777777777777,1,15,compétence,traduit
T181,Désherbage,0.4877777777777777,29,15,compétence,traduit
T202,Confection des cuvettes,0.0611111111111111,4,15,compétence,traduit
T203,Confection des cuvettes,2.0,120,15,compétence,traduit
T219,Désherbage,18.32,1099,15,compétence,traduit
T232,Binage,3.606666666666667,216,15,compétence,traduit
T231,Confection des cuvettes,4.75,285,15,compétence,traduit
T252,Désherbage,16.34,980,15,compétence,traduit
T264,Confection des cuvettes,0.95,57,15,compétence,traduit
T192,Taille d'entretien,1.3058333333333334,78,1,"affectation (fallback, type non mappé)",traduit
T223,Nettoyage,8.01,481,15,compétence,traduit
T1247,Confection des cuvettes,12.5,750,15,compétence,traduit
T276,Arrosage,0.358,21,15,compétence,traduit
T166,Arrosage,0.134375,8,15,compétence,traduit
T212,Binage,3.606666666666667,216,15,compétence,traduit
T204,Confection des cuvettes,2.0,120,15,compétence,traduit
T211,Binage,3.606666666666667,216,15,compétence,traduit
T217,Désherbage,18.32,1099,15,compétence,traduit
T423,Nettoyage,,30,15,compétence,traduit
T260,Désherbage,27.0575,1623,15,compétence,traduit
T253,Désherbage,16.34,980,15,compétence,traduit
T287,Arrachage des plantes mortes,0.06,4,0,aucune,rejeté : aucune ressource compatible
T240,Binage,5.173333333333333,310,15,compétence,traduit
T273,Arrosage,0.5966666666666667,36,15,compétence,traduit
T263,Confection des cuvettes,0.95,57,15,compétence,traduit
T274,Arrosage,0.5966666666666667,36,15,compétence,traduit
T277,Arrosage,0.358,21,15,compétence,traduit
T278,Arrosage,0.358,21,15,compétence,traduit
T280,Arrosage,0.358,21,15,compétence,traduit
T234,Binage,3.606666666666667,216,15,compétence,traduit
T431,Binage,6.225,374,15,compétence,traduit
T311,Taille d'entretien,1.3325,80,1,"affectation (fallback, type non mappé)",traduit
T432,Binage,6.225,374,15,compétence,traduit
T433,Binage,6.225,374,15,compétence,traduit
T434,Binage,6.225,374,15,compétence,traduit
T436,Binage,6.225,374,15,compétence,traduit
T430,Binage,6.225,374,15,compétence,traduit
T307,Désherbage,0.20828125,12,15,compétence,traduit
T310,Taille d'entretien,1.3325,80,1,"affectation (fallback, type non mappé)",traduit
T2446,Tonte,,30,12,compétence,traduit
T318,Nettoyage,0.0,30,15,compétence,traduit
T305,Nettoyage,8.01,481,15,compétence,traduit
T270,Arrosage,0.8133333333333334,49,15,compétence,traduit
T412,Nettoyage,,30,15,compétence,traduit
T607,Nettoyage,0.32039999999999996,19,15,compétence,traduit
T609,Nettoyage,0.32039999999999996,19,15,compétence,traduit
T610,Nettoyage,0.32039999999999996,19,15,compétence,traduit
T605,Nettoyage,0.32039999999999996,19,15,compétence,traduit
T612,Nettoyage,0.32039999999999996,19,15,compétence,traduit
T367,Nettoyage,,30,15,compétence,traduit
T650,Nettoyage,0.32039999999999996,19,15,compétence,traduit
T614,Nettoyage,0.32039999999999996,19,15,compétence,traduit
T611,Nettoyage,0.32039999999999996,19,15,compétence,traduit
T304,Nettoyage,8.01,481,15,compétence,traduit
T604,Nettoyage,0.32039999999999996,19,15,compétence,traduit
T613,Nettoyage,0.32039999999999996,19,15,compétence,traduit
T382,Nettoyage,,30,15,compétence,traduit
T438,Désherbage,24.9,1494,15,compétence,traduit
T649,Nettoyage,0.32039999999999996,19,15,compétence,traduit
T703,Taille d'entretien,0.05,3,1,"affectation (fallback, type non mappé)",traduit
T685,Nettoyage,0.32039999999999996,19,15,compétence,traduit
T606,Nettoyage,0.32039999999999996,19,15,compétence,traduit
T308,Désherbage,0.20828125,12,15,compétence,traduit
T441,Désherbage,24.9,1494,15,compétence,traduit
T706,Taille d'entretien,0.05,3,1,"affectation (fallback, type non mappé)",traduit
T415,Nettoyage,,30,15,compétence,traduit
T385,Nettoyage,,30,15,compétence,traduit
T386,Nettoyage,,30,15,compétence,traduit
T443,Désherbage,24.9,1494,15,compétence,traduit
T387,Nettoyage,,30,15,compétence,traduit
T388,Nettoyage,,30,15,compétence,traduit
T444,Désherbage,24.9,1494,15,compétence,traduit
T389,Nettoyage,,30,15,compétence,traduit
T446,Désherbage,24.9,1494,15,compétence,traduit
T316,Nettoyage,0.00064453125,1,15,compétence,traduit
T440,Désherbage,24.9,1494,15,compétence,traduit
T384,Nettoyage,,30,15,compétence,traduit
T414,Nettoyage,,30,15,compétence,traduit
T704,Taille d'entretien,0.05,3,1,"affectation (fallback, type non mappé)",traduit
T439,Désherbage,24.9,1494,15,compétence,traduit
T413,Nettoyage,,30,15,compétence,traduit
T383,Nettoyage,,30,15,compétence,traduit
T2447,Tonte,,30,12,compétence,traduit
T247,Binage,9.196666666666667,552,15,compétence,traduit
T670,Nettoyage,0.32039999999999996,19,15,compétence,traduit
T626,Nettoyage,0.32039999999999996,19,15,compétence,traduit
T662,Nettoyage,0.32039999999999996,19,15,compétence,traduit
T659,Nettoyage,0.32039999999999996,19,15,compétence,traduit
T641,Nettoyage,0.32039999999999996,19,15,compétence,traduit
T689,Nettoyage,0.32039999999999996,19,15,compétence,traduit
T627,Nettoyage,0.32039999999999996,19,15,compétence,traduit
T628,Nettoyage,0.32039999999999996,19,15,compétence,traduit
T623,Nettoyage,0.32039999999999996,19,15,compétence,traduit
T630,Nettoyage,0.32039999999999996,19,15,compétence,traduit
T621,Nettoyage,0.32039999999999996,19,15,compétence,traduit
T629,Nettoyage,0.32039999999999996,19,15,compétence,traduit
T620,Nettoyage,0.32039999999999996,19,15,compétence,traduit
T370,Nettoyage,,30,15,compétence,traduit
T416,Nettoyage,,30,15,compétence,traduit
T707,Taille d'entretien,0.05,3,1,"affectation (fallback, type non mappé)",traduit
T686,Nettoyage,0.32039999999999996,19,15,compétence,traduit
T658,Nettoyage,0.32039999999999996,19,15,compétence,traduit
T667,Nettoyage,0.32039999999999996,19,15,compétence,traduit
T622,Nettoyage,0.32039999999999996,19,15,compétence,traduit
T640,Nettoyage,0.32039999999999996,19,15,compétence,traduit
T660,Nettoyage,0.32039999999999996,19,15,compétence,traduit
T687,Nettoyage,0.32039999999999996,19,15,compétence,traduit
T615,Nettoyage,0.32039999999999996,19,15,compétence,traduit
T624,Nettoyage,0.32039999999999996,19,15,compétence,traduit
T625,Nettoyage,0.32039999999999996,19,15,compétence,traduit
T661,Nettoyage,0.32039999999999996,19,15,compétence,traduit
T688,Nettoyage,0.32039999999999996,19,15,compétence,traduit
T371,Nettoyage,,30,15,compétence,traduit
T417,Nettoyage,,30,15,compétence,traduit
T372,Nettoyage,,30,15,compétence,traduit
T373,Nettoyage,,30,15,compétence,traduit
T418,Nettoyage,,30,15,compétence,traduit
T709,Taille d'entretien,0.05,3,1,"affectation (fallback, type non mappé)",traduit
T419,Nettoyage,,30,15,compétence,traduit
T374,Nettoyage,,30,15,compétence,traduit
T710,Taille d'entretien,0.05,3,1,"affectation (fallback, type non mappé)",traduit
T711,Taille d'entretien,0.05,3,1,"affectation (fallback, type non mappé)",traduit
T390,Nettoyage,,30,15,compétence,traduit
T375,Nettoyage,,30,15,compétence,traduit
T421,Nettoyage,,30,15,compétence,traduit
T376,Nettoyage,,30,15,compétence,traduit
T391,Nettoyage,,30,15,compétence,traduit
T425,Nettoyage,,30,15,compétence,traduit
T424,Nettoyage,,30,15,compétence,traduit
T393,Nettoyage,,30,15,compétence,traduit
T422,Nettoyage,,30,15,compétence,traduit
T377,Nettoyage,,30,15,compétence,traduit
T392,Nettoyage,,30,15,compétence,traduit
T369,Nettoyage,,30,15,compétence,traduit
T368,Nettoyage,,30,15,compétence,traduit
T467,Confection des cuvettes,1.0,60,15,compétence,traduit
T671,Nettoyage,0.32039999999999996,19,15,compétence,traduit
T635,Nettoyage,0.32039999999999996,19,15,compétence,traduit
T458,Confection des cuvettes,2.5,150,15,compétence,traduit
T653,Nettoyage,0.32039999999999996,19,15,compétence,traduit
T680,Nettoyage,0.32039999999999996,19,15,compétence,traduit
T644,Nettoyage,0.32039999999999996,19,15,compétence,traduit
T690,Nettoyage,0.32039999999999996,19,15,compétence,traduit
T654,Nettoyage,0.32039999999999996,19,15,compétence,traduit
T636,Nettoyage,0.32039999999999996,19,15,compétence,traduit
T681,Nettoyage,0.32039999999999996,19,15,compétence,traduit
T631,Nettoyage,0.32039999999999996,19,15,compétence,traduit
T645,Nettoyage,0.32039999999999996,19,15,compétence,traduit
T664,Nettoyage,0.32039999999999996,19,15,compétence,traduit
T632,Nettoyage,0.32039999999999996,19,15,compétence,traduit
T712,Taille d'entretien,0.05,3,1,"affectation (fallback, type non mappé)",traduit
T676,Nettoyage,0.32039999999999996,19,15,compétence,traduit
T677,Nettoyage,0.32039999999999996,19,15,compétence,traduit
T642,Nettoyage,0.32039999999999996,19,15,compétence,traduit
T678,Nettoyage,0.32039999999999996,19,15,compétence,traduit
T651,Nettoyage,0.32039999999999996,19,15,compétence,traduit
T643,Nettoyage,0.32039999999999996,19,15,compétence,traduit
T679,Nettoyage,0.32039999999999996,19,15,compétence,traduit
T652,Nettoyage,0.32039999999999996,19,15,compétence,traduit
T691,Nettoyage,0.32039999999999996,19,15,compétence,traduit
T646,Nettoyage,0.32039999999999996,19,15,compétence,traduit
T673,Nettoyage,0.32039999999999996,19,15,compétence,traduit
T639,Nettoyage,0.32039999999999996,19,15,compétence,traduit
T637,Nettoyage,0.32039999999999996,19,15,compétence,traduit
T682,Nettoyage,0.32039999999999996,19,15,compétence,traduit
T655,Nettoyage,0.32039999999999996,19,15,compétence,traduit
T715,Taille d'entretien,0.05,3,1,"affectation (fallback, type non mappé)",traduit
T461,Confection des cuvettes,2.5,150,15,compétence,traduit
T716,Taille d'entretien,0.05,3,1,"affectation (fallback, type non mappé)",traduit
T462,Confection des cuvettes,2.5,150,15,compétence,traduit
T463,Confection des cuvettes,2.5,150,15,compétence,traduit
T464,Confection des cuvettes,2.5,150,15,compétence,traduit
T718,Taille d'entretien,0.05,3,1,"affectation (fallback, type non mappé)",traduit
T465,Confection des cuvettes,2.5,150,15,compétence,traduit
T719,Taille d'entretien,0.05,3,1,"affectation (fallback, type non mappé)",traduit
T720,Taille d'entretien,0.05,3,1,"affectation (fallback, type non mappé)",traduit
T466,Confection des cuvettes,2.5,150,15,compétence,traduit
T394,Nettoyage,,30,15,compétence,traduit
T379,Nettoyage,,30,15,compétence,traduit
T378,Nettoyage,,30,15,compétence,traduit
T460,Confection des cuvettes,2.5,150,15,compétence,traduit
T459,Confection des cuvettes,2.5,150,15,compétence,traduit
T713,Taille d'entretien,0.05,3,1,"affectation (fallback, type non mappé)",traduit
T1434,Nettoyage,192.46,11548,15,compétence,traduit
T743,Nettoyage,27.14,1628,15,compétence,traduit
T740,Confection des cuvettes,9.38,563,15,compétence,traduit
T742,Taille d'entretien,8.67,520,1,"affectation (fallback, type non mappé)",traduit
T736,Binage,29.31,1759,15,compétence,traduit
T744,Nettoyage,27.14,1628,15,compétence,traduit
T1526,Nettoyage,53.79,3227,15,compétence,traduit
T271,Arrosage,0.8133333333333334,49,15,compétence,traduit
T751,Nettoyage,9.31,559,15,compétence,traduit
T468,Nettoyage,0.32039999999999996,19,15,compétence,traduit
T941,Confection des cuvettes,12.25,735,15,compétence,traduit
T737,Désherbage,117.23,7034,15,compétence,traduit
T675,Nettoyage,0.32039999999999996,19,15,compétence,traduit
T684,Nettoyage,0.32039999999999996,19,15,compétence,traduit
T693,Nettoyage,0.32039999999999996,19,15,compétence,traduit
T648,Nettoyage,0.32039999999999996,19,15,compétence,traduit
T666,Nettoyage,0.32039999999999996,19,15,compétence,traduit
T656,Nettoyage,0.32039999999999996,19,15,compétence,traduit
T665,Nettoyage,0.32039999999999996,19,15,compétence,traduit
T692,Nettoyage,0.32039999999999996,19,15,compétence,traduit
T647,Nettoyage,0.32039999999999996,19,15,compétence,traduit
T683,Nettoyage,0.32039999999999996,19,15,compétence,traduit
T2445,Tonte,2.12,127,12,compétence,traduit
T2787,Entretien des pots intérieurs,,30,1,"affectation (fallback, type non mappé)",traduit
T759,Confection des cuvettes,12.5,750,15,compétence,traduit
T2788,Entretien des pots intérieurs,,30,1,"affectation (fallback, type non mappé)",traduit
T2789,Entretien des pots intérieurs,,30,1,"affectation (fallback, type non mappé)",traduit
T3035,Confection des cuvettes,34.88,2093,15,compétence,traduit
T2786,Entretien des pots intérieurs,7.35,441,1,"affectation (fallback, type non mappé)",traduit
T758,Confection des cuvettes,12.5,750,15,compétence,traduit
T608,Nettoyage,0.32039999999999996,19,15,compétence,traduit
T1454,Nettoyage,192.46,11548,15,compétence,traduit
T948,Nettoyage,24.76,1486,15,compétence,traduit
T1303,Nettoyage,99.76,5986,15,compétence,traduit
T952,Nettoyage,24.76,1486,15,compétence,traduit
T954,Nettoyage,24.76,1486,15,compétence,traduit
T442,Désherbage,24.9,1494,15,compétence,traduit
T779,Nettoyage,1.26,76,15,compétence,traduit
T787,Nettoyage,1.26,76,15,compétence,traduit
T2449,Tonte,2.12,127,12,compétence,traduit
T791,Nettoyage,1.26,76,15,compétence,traduit
T2450,Tonte,2.12,127,12,compétence,traduit
T2451,Tonte,2.12,127,12,compétence,traduit
T2791,Entretien des pots intérieurs,7.35,441,1,"affectation (fallback, type non mappé)",traduit
T788,Nettoyage,1.26,76,15,compétence,traduit
T780,Nettoyage,1.26,76,15,compétence,traduit
T789,Nettoyage,1.26,76,15,compétence,traduit
T2792,Entretien des pots intérieurs,7.35,441,1,"affectation (fallback, type non mappé)",traduit
T2793,Entretien des pots intérieurs,7.35,441,1,"affectation (fallback, type non mappé)",traduit
T790,Nettoyage,1.26,76,15,compétence,traduit
T2934,Arrosage,8.67,520,15,compétence,traduit
T784,Nettoyage,1.26,76,15,compétence,traduit
T781,Nettoyage,1.26,76,15,compétence,traduit
T786,Nettoyage,1.26,76,15,compétence,traduit
T783,Nettoyage,1.26,76,15,compétence,traduit
T617,Nettoyage,0.32039999999999996,19,15,compétence,traduit
T785,Nettoyage,1.26,76,15,compétence,traduit
T286,Binage,0.0046502057613168725,1,15,compétence,traduit
T782,Nettoyage,1.26,76,15,compétence,traduit
T805,Nettoyage,1.26,76,15,compétence,traduit
T833,Arrosage,0.02,1,15,compétence,traduit
T797,Nettoyage,1.26,76,15,compétence,traduit
T808,Nettoyage,1.26,76,15,compétence,traduit
T795,Nettoyage,1.26,76,15,compétence,traduit
T798,Nettoyage,1.26,76,15,compétence,traduit
T663,Nettoyage,0.32039999999999996,19,15,compétence,traduit
T796,Nettoyage,1.26,76,15,compétence,traduit
T794,Nettoyage,1.26,76,15,compétence,traduit
T804,Nettoyage,1.26,76,15,compétence,traduit
T807,Nettoyage,1.26,76,15,compétence,traduit
T832,Arrosage,0.02,1,15,compétence,traduit
T845,Nettoyage,15.08,905,15,compétence,traduit
T803,Nettoyage,1.26,76,15,compétence,traduit
T793,Nettoyage,1.26,76,15,compétence,traduit
T835,Arrosage,0.02,1,15,compétence,traduit
T834,Arrosage,0.02,1,15,compétence,traduit
T836,Arrosage,0.02,1,15,compétence,traduit
T831,Arrosage,0.02,1,15,compétence,traduit
T837,Arrosage,0.02,1,15,compétence,traduit
T799,Nettoyage,1.26,76,15,compétence,traduit
T800,Nettoyage,1.26,76,15,compétence,traduit
T801,Nettoyage,1.26,76,15,compétence,traduit
T806,Nettoyage,1.26,76,15,compétence,traduit
T849,Nettoyage,15.08,905,15,compétence,traduit
T792,Nettoyage,1.26,76,15,compétence,traduit
T714,Taille d'entretien,0.05,3,1,"affectation (fallback, type non mappé)",traduit
T842,Nettoyage,15.08,905,15,compétence,traduit
T708,Taille d'entretien,0.05,3,1,"affectation (fallback, type non mappé)",traduit
T851,Nettoyage,15.08,905,15,compétence,traduit
T282,Arrosage,0.6633333333333333,40,15,compétence,traduit
T3036,Confection des cuvettes,34.88,2093,15,compétence,traduit
T1168,Binage,1.28,77,15,compétence,traduit
T809,Nettoyage,1.26,76,15,compétence,traduit
T1169,Binage,1.28,77,15,compétence,traduit
T717,Taille d'entretien,0.05,3,1,"affectation (fallback, type non mappé)",traduit
T1167,Binage,1.28,77,15,compétence,traduit
T705,Taille d'entretien,0.05,3,1,"affectation (fallback, type non mappé)",traduit
T1166,Binage,1.28,77,15,compétence,traduit
T1044,Désherbage,9.43,566,15,compétence,traduit
T2452,Traçage des bordures,0.0,30,1,"affectation (fallback, type non mappé)",traduit
T672,Nettoyage,0.32039999999999996,19,15,compétence,traduit
T2794,Entretien des pots intérieurs,4.72,283,1,"affectation (fallback, type non mappé)",traduit
T2935,Arrosage,8.67,520,15,compétence,traduit
T2936,Arrosage,8.67,520,15,compétence,traduit
T1248,Désherbage,54.14,3248,15,compétence,traduit
T1174,Binage,1.28,77,15,compétence,traduit
T1177,Binage,1.28,77,15,compétence,traduit
T1172,Binage,1.28,77,15,compétence,traduit
T1173,Binage,1.28,77,15,compétence,traduit
T1176,Binage,1.28,77,15,compétence,traduit
T1175,Binage,1.28,77,15,compétence,traduit
T1171,Binage,1.28,77,15,compétence,traduit
T1170,Binage,1.28,77,15,compétence,traduit
T1280,Tonte,0.17,10,12,compétence,traduit
T1276,Tonte,0.17,10,12,compétence,traduit
T1277,Tonte,0.17,10,12,compétence,traduit
T1278,Tonte,0.17,10,12,compétence,traduit
T1279,Tonte,0.17,10,12,compétence,traduit
T3037,Bouturage,910.53,54632,1,"affectation (fallback, type non mappé)",traduit
T2937,Taille d'entretien,99.43,5966,1,"affectation (fallback, type non mappé)",traduit
T1184,Binage,1.28,77,15,compétence,traduit
T618,Nettoyage,0.32039999999999996,19,15,compétence,traduit
T1179,Binage,1.28,77,15,compétence,traduit
T1178,Binage,1.28,77,15,compétence,traduit
T1183,Binage,1.28,77,15,compétence,traduit
T1185,Binage,1.28,77,15,compétence,traduit
T1181,Binage,1.28,77,15,compétence,traduit
T1182,Binage,1.28,77,15,compétence,traduit
T1180,Binage,1.28,77,15,compétence,traduit
T201,Confection des cuvettes,0.0611111111111111,4,15,compétence,traduit
T3038,Taille de réduction,0.0,30,1,"affectation (fallback, type non mappé)",traduit
T657,Nettoyage,0.32039999999999996,19,15,compétence,traduit
T2796,Arrosage des pots intérieurs,,30,1,"affectation (fallback, type non mappé)",traduit
T2797,Arrosage des pots intérieurs,,30,1,"affectation (fallback, type non mappé)",traduit
T2798,Arrosage des pots intérieurs,,30,1,"affectation (fallback, type non mappé)",traduit
T2795,Arrosage des pots intérieurs,6.09,365,1,"affectation (fallback, type non mappé)",traduit
T1190,Binage,1.28,77,15,compétence,traduit
T2938,Taille d'entretien,139.36,8362,1,"affectation (fallback, type non mappé)",traduit
T1191,Binage,1.28,77,15,compétence,traduit
T1188,Binage,1.28,77,15,compétence,traduit
T1193,Binage,1.28,77,15,compétence,traduit
T1186,Binage,1.28,77,15,compétence,traduit
T1187,Binage,1.28,77,15,compétence,traduit
T1192,Binage,1.28,77,15,compétence,traduit
T1194,Binage,1.28,77,15,compétence,traduit
T1189,Binage,1.28,77,15,compétence,traduit
T2800,Arrosage des pots intérieurs,6.09,365,1,"affectation (fallback, type non mappé)",traduit
T2801,Arrosage des pots intérieurs,6.09,365,1,"affectation (fallback, type non mappé)",traduit
T2802,Arrosage des pots intérieurs,6.09,365,1,"affectation (fallback, type non mappé)",traduit
T3039,Taille de formation,82.5,4950,1,"affectation (fallback, type non mappé)",traduit
T2285,Arrosage du gazon,26.62,1597,1,"affectation (fallback, type non mappé)",traduit
T2939,Taille d'entretien,327.77,19666,1,"affectation (fallback, type non mappé)",traduit
T638,Nettoyage,0.32039999999999996,19,15,compétence,traduit
T2425,Tuteurage,48.0,2880,1,"affectation (fallback, type non mappé)",traduit
T1196,Binage,1.28,77,15,compétence,traduit
T1148,Binage,1.28,77,15,compétence,traduit
T445,Désherbage,24.9,1494,15,compétence,traduit
T1195,Binage,1.28,77,15,compétence,traduit
T1045,Confection des cuvettes,2.75,165,15,compétence,traduit
T2803,Confection des cuvettes,0.0,30,15,compétence,traduit
T3040,Taille de formation,0.0,30,0,aucune,rejeté : aucune ressource compatible
T939,Binage,23.85,1431,15,compétence,traduit
T279,Arrosage,0.358,21,15,compétence,traduit
T2520,Arrosage du gazon,,30,1,"affectation (fallback, type non mappé)",traduit
T435,Binage,6.225,374,15,compétence,traduit
T1439,Nettoyage,192.46,11548,15,compétence,traduit
T2941,Entretien des pots intérieurs,,30,1,"affectation (fallback, type non mappé)",traduit
T2942,Entretien des pots intérieurs,,30,1,"affectation (fallback, type non mappé)",traduit
T2943,Entretien des pots intérieurs,,30,1,"affectation (fallback, type non mappé)",traduit
T2940,Entretien des pots intérieurs,2.67,160,1,"affectation (fallback, type non mappé)",traduit
T2521,Arrosage du gazon,,30,1,"affectation (fallback, type non mappé)",traduit
T1197,Désherbage,5.11,307,15,compétence,traduit
T1458,Taille d'entretien des arbustes,1590.04,95402,0,aucune,rejeté : aucune ressource compatible
T1272,Tonte,0.17,10,12,compétence,traduit
T1273,Tonte,0.17,10,12,compétence,traduit
T1274,Tonte,0.17,10,12,compétence,traduit
T1275,Tonte,0.17,10,12,compétence,traduit
T674,Nettoyage,0.32039999999999996,19,15,compétence,traduit
T420,Nettoyage,,30,15,compétence,traduit
T1043,Binage,2.36,142,15,compétence,traduit
T284,Arrachage des plantes mortes,0.06,4,1,"affectation (fallback, type non mappé)",traduit
T200,Confection des cuvettes,0.0611111111111111,4,15,compétence,traduit
T1053,Nettoyage,4.14,248,15,compétence,traduit
T1049,Nettoyage,4.14,248,15,compétence,traduit
T940,Désherbage,95.4,5724,15,compétence,traduit
T1050,Nettoyage,4.14,248,15,compétence,traduit
T215,Binage,2.6766666666666663,161,15,compétence,traduit
T1459,Nettoyage,192.46,11548,15,compétence,traduit
T1249,Tonte,0.17,10,12,compétence,traduit
T221,Désherbage,12.25,735,15,compétence,traduit
T1051,Nettoyage,4.14,248,15,compétence,traduit
T619,Nettoyage,0.32039999999999996,19,15,compétence,traduit
T3041,Élagage,26.0,1560,1,"affectation (fallback, type non mappé)",traduit
T2945,Entretien des pots intérieurs,2.67,160,1,"affectation (fallback, type non mappé)",traduit
T1216,Désherbage,5.11,307,15,compétence,traduit
T2946,Entretien des pots intérieurs,2.67,160,1,"affectation (fallback, type non mappé)",traduit
T2947,Entretien des pots intérieurs,2.67,160,1,"affectation (fallback, type non mappé)",traduit
T1220,Désherbage,5.11,307,15,compétence,traduit
T2536,Arrosage du gazon,,30,1,"affectation (fallback, type non mappé)",traduit
T2537,Arrosage du gazon,,30,1,"affectation (fallback, type non mappé)",traduit
T1219,Désherbage,5.11,307,15,compétence,traduit
T1217,Désherbage,5.11,307,15,compétence,traduit
T1218,Désherbage,5.11,307,15,compétence,traduit
T1233,Désherbage,5.11,307,15,compétence,traduit
T1231,Désherbage,5.11,307,15,compétence,traduit
T1222,Désherbage,5.11,307,15,compétence,traduit
T315,Nettoyage,0.00064453125,1,15,compétence,traduit
T1224,Désherbage,5.11,307,15,compétence,traduit
T1228,Désherbage,5.11,307,15,compétence,traduit
T1223,Désherbage,5.11,307,15,compétence,traduit
T395,Nettoyage,,30,15,compétence,traduit
T2288,Arrosage du gazon,11.41,685,1,"affectation (fallback, type non mappé)",traduit
T1226,Désherbage,5.11,307,15,compétence,traduit
T1232,Désherbage,5.11,307,15,compétence,traduit
T2456,Arrosage du gazon,,30,1,"affectation (fallback, type non mappé)",traduit
T2457,Arrosage du gazon,,30,1,"affectation (fallback, type non mappé)",traduit
T2458,Arrosage du gazon,,30,1,"affectation (fallback, type non mappé)",traduit
T1225,Désherbage,5.11,307,15,compétence,traduit
T2460,Arrosage du gazon,,30,1,"affectation (fallback, type non mappé)",traduit
T2461,Arrosage du gazon,,30,1,"affectation (fallback, type non mappé)",traduit
T2462,Arrosage du gazon,,30,1,"affectation (fallback, type non mappé)",traduit
T2463,Arrosage du gazon,,30,1,"affectation (fallback, type non mappé)",traduit
T2464,Arrosage du gazon,,30,1,"affectation (fallback, type non mappé)",traduit
T1221,Désherbage,5.11,307,15,compétence,traduit
T2466,Arrosage du gazon,,30,1,"affectation (fallback, type non mappé)",traduit
T1227,Désherbage,5.11,307,15,compétence,traduit
T2550,Arrosage du gazon,,30,1,"affectation (fallback, type non mappé)",traduit
T2551,Arrosage du gazon,,30,1,"affectation (fallback, type non mappé)",traduit
T1229,Désherbage,5.11,307,15,compétence,traduit
T1230,Désherbage,5.11,307,15,compétence,traduit
T1234,Désherbage,5.11,307,15,compétence,traduit
T1236,Désherbage,5.11,307,15,compétence,traduit
T2467,Arrosage du gazon,,30,1,"affectation (fallback, type non mappé)",traduit
T1238,Désherbage,5.11,307,15,compétence,traduit
T1235,Désherbage,5.11,307,15,compétence,traduit
T1240,Désherbage,5.11,307,15,compétence,traduit
T2468,Arrosage du gazon,,30,1,"affectation (fallback, type non mappé)",traduit
T2469,Arrosage du gazon,,30,1,"affectation (fallback, type non mappé)",traduit
T2470,Arrosage du gazon,,30,1,"affectation (fallback, type non mappé)",traduit
T2805,Binage,13.6,816,15,compétence,traduit
T1246,Désherbage,5.11,307,15,compétence,traduit
T2472,Arrosage du gazon,,30,1,"affectation (fallback, type non mappé)",traduit
T2473,Arrosage du gazon,,30,1,"affectation (fallback, type non mappé)",traduit
T2474,Arrosage du gazon,,30,1,"affectation (fallback, type non mappé)",traduit
T1243,Désherbage,5.11,307,15,compétence,traduit
T2475,Arrosage du gazon,,30,1,"affectation (fallback, type non mappé)",traduit
T1237,Désherbage,5.11,307,15,compétence,traduit
T3042,Taille d'entretien,1752.75,105165,1,"affectation (fallback, type non mappé)",traduit
T1244,Désherbage,5.11,307,15,compétence,traduit
T2289,Arrosage du gazon,1.72,103,1,"affectation (fallback, type non mappé)",traduit
T1245,Désherbage,5.11,307,15,compétence,traduit
T2479,Arrosage du gazon,,30,1,"affectation (fallback, type non mappé)",traduit
T1239,Désherbage,5.11,307,15,compétence,traduit
T2480,Arrosage du gazon,,30,1,"affectation (fallback, type non mappé)",traduit
T1251,Tonte,0.17,10,12,compétence,traduit
T2481,Arrosage du gazon,,30,1,"affectation (fallback, type non mappé)",traduit
T2482,Arrosage du gazon,,30,1,"affectation (fallback, type non mappé)",traduit
T1241,Désherbage,5.11,307,15,compétence,traduit
T2483,Arrosage du gazon,,30,1,"affectation (fallback, type non mappé)",traduit
T1242,Désherbage,5.11,307,15,compétence,traduit
T2484,Arrosage du gazon,,30,1,"affectation (fallback, type non mappé)",traduit
T1250,Tonte,0.17,10,12,compétence,traduit
T2485,Arrosage du gazon,,30,1,"affectation (fallback, type non mappé)",traduit
T2486,Arrosage du gazon,,30,1,"affectation (fallback, type non mappé)",traduit
T1444,Nettoyage,192.46,11548,15,compétence,traduit
T1297,Tonte,0.17,10,12,compétence,traduit
T1298,Tonte,0.17,10,12,compétence,traduit
T1289,Tonte,0.17,10,12,compétence,traduit
T1294,Tonte,0.17,10,12,compétence,traduit
T1295,Tonte,0.17,10,12,compétence,traduit
T1296,Tonte,0.17,10,12,compétence,traduit
T1290,Tonte,0.17,10,12,compétence,traduit
T1291,Tonte,0.17,10,12,compétence,traduit
T1292,Tonte,0.17,10,12,compétence,traduit
T1293,Tonte,0.17,10,12,compétence,traduit
T1285,Tonte,0.17,10,12,compétence,traduit
T1286,Tonte,0.17,10,12,compétence,traduit
T1287,Tonte,0.17,10,12,compétence,traduit
T1288,Tonte,0.17,10,12,compétence,traduit
T1281,Tonte,0.17,10,12,compétence,traduit
T1282,Tonte,0.17,10,12,compétence,traduit
T1283,Tonte,0.17,10,12,compétence,traduit
T1284,Tonte,0.17,10,12,compétence,traduit
T668,Nettoyage,0.32039999999999996,19,15,compétence,traduit
T633,Nettoyage,0.32039999999999996,19,15,compétence,traduit
T233,Binage,3.606666666666667,216,15,compétence,traduit
T669,Nettoyage,0.32039999999999996,19,15,compétence,traduit
T1445,Binage,213.86,12832,15,compétence,traduit
T2487,Arrosage du gazon,,30,1,"affectation (fallback, type non mappé)",traduit
T2488,Arrosage du gazon,,30,1,"affectation (fallback, type non mappé)",traduit
T2489,Arrosage du gazon,,30,1,"affectation (fallback, type non mappé)",traduit
T2490,Arrosage du gazon,,30,1,"affectation (fallback, type non mappé)",traduit
T2491,Arrosage du gazon,,30,1,"affectation (fallback, type non mappé)",traduit
T2492,Arrosage du gazon,,30,1,"affectation (fallback, type non mappé)",traduit
T2493,Arrosage du gazon,,30,1,"affectation (fallback, type non mappé)",traduit
T2494,Arrosage du gazon,,30,1,"affectation (fallback, type non mappé)",traduit
T2495,Arrosage du gazon,,30,1,"affectation (fallback, type non mappé)",traduit
T2496,Arrosage du gazon,,30,1,"affectation (fallback, type non mappé)",traduit
T2497,Arrosage du gazon,,30,1,"affectation (fallback, type non mappé)",traduit
T2498,Arrosage du gazon,,30,1,"affectation (fallback, type non mappé)",traduit
T2499,Arrosage du gazon,,30,1,"affectation (fallback, type non mappé)",traduit
T2500,Arrosage du gazon,,30,1,"affectation (fallback, type non mappé)",traduit
T2501,Arrosage du gazon,,30,1,"affectation (fallback, type non mappé)",traduit
T1924,Tuteurage,106.0,6360,1,"affectation (fallback, type non mappé)",traduit
T2502,Arrosage du gazon,,30,1,"affectation (fallback, type non mappé)",traduit
T2503,Arrosage du gazon,,30,1,"affectation (fallback, type non mappé)",traduit
T2504,Arrosage du gazon,,30,1,"affectation (fallback, type non mappé)",traduit
T2505,Arrosage du gazon,,30,1,"affectation (fallback, type non mappé)",traduit
T2506,Arrosage du gazon,,30,1,"affectation (fallback, type non mappé)",traduit
T1446,Désherbage,853.87,51232,15,compétence,traduit
T2507,Arrosage du gazon,,30,1,"affectation (fallback, type non mappé)",traduit
T2508,Arrosage du gazon,,30,1,"affectation (fallback, type non mappé)",traduit
T1465,Désherbage chimique,19.88,1193,0,aucune,rejeté : aucune ressource compatible
T1410,Élagage,1.5,90,0,aucune,rejeté : aucune ressource compatible
T1411,Élagage,4.5,270,1,"affectation (fallback, type non mappé)",traduit
T1415,Taille de formation,19.67,1180,1,"affectation (fallback, type non mappé)",traduit
T802,Nettoyage,1.26,76,15,compétence,traduit
T1421,Confection des cuvettes,25.0,1500,15,compétence,traduit
T1420,Désherbage,75.02,4501,15,compétence,traduit
T1422,Nettoyage,29.74,1784,15,compétence,traduit
T2509,Arrosage du gazon,,30,1,"affectation (fallback, type non mappé)",traduit
T1447,Confection des cuvettes,55.38,3323,15,compétence,traduit
T249,Désherbage,28.706666666666667,1722,15,compétence,traduit
T1417,Élagage,0.5,30,1,"affectation (fallback, type non mappé)",traduit
T268,Terreautage,3.34,200,0,aucune,rejeté : aucune ressource compatible
T1419,Fertilisation chimique,5.7,342,0,aucune,rejeté : aucune ressource compatible
T1409,Fertilisation chimique,0.52,31,0,aucune,rejeté : aucune ressource compatible
T752,Nettoyage,9.31,559,15,compétence,traduit
T1147,Binage,1.28,77,15,compétence,traduit
T761,Nettoyage,1.26,76,15,compétence,traduit
T164,Désherbage,107.2,6432,15,compétence,traduit
T165,Taille d'entretien,6.33,380,1,"affectation (fallback, type non mappé)",traduit
T734,Taille d'entretien,0.67,40,1,"affectation (fallback, type non mappé)",traduit
T194,Tonte,1.61,97,12,compétence,traduit
T199,Confection des cuvettes,2.75,165,15,compétence,traduit
T723,Nettoyage,14.79,887,15,compétence,traduit
T724,Nettoyage,14.79,887,15,compétence,traduit
T227,Confection des cuvettes,1.125,68,15,compétence,traduit
T1418,Nettoyage,37.48,2249,15,compétence,traduit
T1423,Binage,39.49,2369,15,compétence,traduit
T945,Nettoyage,24.76,1486,15,compétence,traduit
T748,Nettoyage,9.31,559,15,compétence,traduit
T725,Nettoyage,14.79,887,15,compétence,traduit
T810,Arrosage,0.02,1,15,compétence,traduit
T1301,Nettoyage,99.76,5986,15,compétence,traduit
T946,Nettoyage,24.76,1486,15,compétence,traduit
T749,Nettoyage,9.31,559,15,compétence,traduit
T843,Nettoyage,15.08,905,15,compétence,traduit
T735,Replantation,5.33,320,1,"affectation (fallback, type non mappé)",traduit
T844,Nettoyage,15.08,905,15,compétence,traduit
T750,Nettoyage,9.31,559,15,compétence,traduit
T846,Nettoyage,15.08,905,15,compétence,traduit
T296,Désherbage,13.33,800,15,compétence,traduit
T1407,Traitement,1.0,60,0,aucune,rejeté : aucune ressource compatible
T1424,Confection des cuvettes,14.38,863,15,compétence,traduit
T728,Nettoyage,18.31,1099,15,compétence,traduit
T949,Nettoyage,24.76,1486,15,compétence,traduit
T950,Nettoyage,24.76,1486,15,compétence,traduit
T2510,Arrosage du gazon,,30,1,"affectation (fallback, type non mappé)",traduit
T1426,Arrachage des arbres morts,0.0,30,1,"affectation (fallback, type non mappé)",traduit
T756,Binage,20.72,1243,15,compétence,traduit
T757,Désherbage,82.88,4973,15,compétence,traduit
T1425,Replantation,0.0,30,1,"affectation (fallback, type non mappé)",traduit
T1412,Taille d'entretien,0.67,40,1,"affectation (fallback, type non mappé)",traduit
T741,Taille d'entretien,8.67,520,0,aucune,rejeté : aucune ressource compatible
T1467,Nettoyage,192.46,11548,15,compétence,traduit
T1416,Sursemis,0.02,1,1,"affectation (fallback, type non mappé)",traduit
T2511,Arrosage du gazon,,30,1,"affectation (fallback, type non mappé)",traduit
T2512,Arrosage du gazon,,30,1,"affectation (fallback, type non mappé)",traduit
T2513,Arrosage du gazon,,30,1,"affectation (fallback, type non mappé)",traduit
T2514,Arrosage du gazon,,30,1,"affectation (fallback, type non mappé)",traduit
T2515,Arrosage du gazon,,30,1,"affectation (fallback, type non mappé)",traduit
T2516,Arrosage du gazon,,30,1,"affectation (fallback, type non mappé)",traduit
T2517,Arrosage du gazon,,30,1,"affectation (fallback, type non mappé)",traduit
T2518,Arrosage du gazon,,30,1,"affectation (fallback, type non mappé)",traduit
T2519,Arrosage du gazon,,30,1,"affectation (fallback, type non mappé)",traduit
T2522,Arrosage du gazon,,30,1,"affectation (fallback, type non mappé)",traduit
T2523,Arrosage du gazon,,30,1,"affectation (fallback, type non mappé)",traduit
T2524,Arrosage du gazon,,30,1,"affectation (fallback, type non mappé)",traduit
T2525,Arrosage du gazon,,30,1,"affectation (fallback, type non mappé)",traduit
T2526,Arrosage du gazon,,30,1,"affectation (fallback, type non mappé)",traduit
T2527,Arrosage du gazon,,30,1,"affectation (fallback, type non mappé)",traduit
T2528,Arrosage du gazon,,30,1,"affectation (fallback, type non mappé)",traduit
T2529,Arrosage du gazon,,30,1,"affectation (fallback, type non mappé)",traduit
T2530,Arrosage du gazon,,30,1,"affectation (fallback, type non mappé)",traduit
T2531,Arrosage du gazon,,30,1,"affectation (fallback, type non mappé)",traduit
T2532,Arrosage du gazon,,30,1,"affectation (fallback, type non mappé)",traduit
T2533,Arrosage du gazon,,30,1,"affectation (fallback, type non mappé)",traduit
T2534,Arrosage du gazon,,30,1,"affectation (fallback, type non mappé)",traduit
T2535,Arrosage du gazon,,30,1,"affectation (fallback, type non mappé)",traduit
T2538,Arrosage du gazon,,30,1,"affectation (fallback, type non mappé)",traduit
T2539,Arrosage du gazon,,30,1,"affectation (fallback, type non mappé)",traduit
T2540,Arrosage du gazon,,30,1,"affectation (fallback, type non mappé)",traduit
T2541,Arrosage du gazon,,30,1,"affectation (fallback, type non mappé)",traduit
T2542,Arrosage du gazon,,30,1,"affectation (fallback, type non mappé)",traduit
T2543,Arrosage du gazon,,30,1,"affectation (fallback, type non mappé)",traduit
T2544,Arrosage du gazon,,30,1,"affectation (fallback, type non mappé)",traduit
T2545,Arrosage du gazon,,30,1,"affectation (fallback, type non mappé)",traduit
T2546,Arrosage du gazon,,30,1,"affectation (fallback, type non mappé)",traduit
T2547,Arrosage du gazon,,30,1,"affectation (fallback, type non mappé)",traduit
T2548,Arrosage du gazon,,30,1,"affectation (fallback, type non mappé)",traduit
T2549,Arrosage du gazon,,30,1,"affectation (fallback, type non mappé)",traduit
T3044,Arrosage,,30,15,compétence,traduit
T3045,Arrosage,,30,15,compétence,traduit
T2552,Arrosage du gazon,,30,1,"affectation (fallback, type non mappé)",traduit
T2553,Arrosage du gazon,,30,1,"affectation (fallback, type non mappé)",traduit
T3046,Arrosage,,30,15,compétence,traduit
T3043,Arrosage,90.54,5432,15,compétence,traduit
T2949,Arrosage des pots intérieurs,,30,1,"affectation (fallback, type non mappé)",traduit
T2950,Arrosage des pots intérieurs,,30,1,"affectation (fallback, type non mappé)",traduit
T2951,Arrosage des pots intérieurs,,30,1,"affectation (fallback, type non mappé)",traduit
T2948,Arrosage des pots intérieurs,2.67,160,1,"affectation (fallback, type non mappé)",traduit
T2026,Pincement,96.0,5760,1,"affectation (fallback, type non mappé)",traduit
T3048,Arrosage,90.54,5432,15,compétence,traduit
T3049,Arrosage,90.54,5432,15,compétence,traduit
T3050,Arrosage,90.54,5432,15,compétence,traduit
T2953,Arrosage des pots intérieurs,2.67,160,1,"affectation (fallback, type non mappé)",traduit
T2954,Arrosage des pots intérieurs,2.67,160,1,"affectation (fallback, type non mappé)",traduit
T2955,Arrosage des pots intérieurs,2.67,160,1,"affectation (fallback, type non mappé)",traduit
T2554,Arrosage du gazon,26.55,1593,1,"affectation (fallback, type non mappé)",traduit
T2555,Arrosage du gazon,26.55,1593,1,"affectation (fallback, type non mappé)",traduit
T2556,Arrosage du gazon,26.55,1593,1,"affectation (fallback, type non mappé)",traduit
T2558,Arrosage du gazon,26.55,1593,1,"affectation (fallback, type non mappé)",traduit
T2559,Arrosage du gazon,26.55,1593,1,"affectation (fallback, type non mappé)",traduit
T2560,Arrosage du gazon,26.55,1593,1,"affectation (fallback, type non mappé)",traduit
T2561,Arrosage du gazon,26.55,1593,1,"affectation (fallback, type non mappé)",traduit
T2562,Arrosage du gazon,26.55,1593,1,"affectation (fallback, type non mappé)",traduit
T2563,Arrosage du gazon,26.55,1593,1,"affectation (fallback, type non mappé)",traduit
T2564,Arrosage du gazon,26.55,1593,1,"affectation (fallback, type non mappé)",traduit
T2565,Arrosage du gazon,26.55,1593,1,"affectation (fallback, type non mappé)",traduit
T2566,Arrosage du gazon,26.55,1593,1,"affectation (fallback, type non mappé)",traduit
T2567,Arrosage du gazon,26.55,1593,1,"affectation (fallback, type non mappé)",traduit
T2568,Arrosage du gazon,26.55,1593,1,"affectation (fallback, type non mappé)",traduit
T2569,Arrosage du gazon,26.55,1593,1,"affectation (fallback, type non mappé)",traduit
T2570,Arrosage du gazon,26.55,1593,1,"affectation (fallback, type non mappé)",traduit
T2571,Arrosage du gazon,26.55,1593,1,"affectation (fallback, type non mappé)",traduit
T2572,Arrosage du gazon,26.55,1593,1,"affectation (fallback, type non mappé)",traduit
T2573,Arrosage du gazon,26.55,1593,1,"affectation (fallback, type non mappé)",traduit
T2574,Arrosage du gazon,26.55,1593,1,"affectation (fallback, type non mappé)",traduit
T2575,Arrosage du gazon,26.55,1593,1,"affectation (fallback, type non mappé)",traduit
T2576,Arrosage du gazon,26.55,1593,1,"affectation (fallback, type non mappé)",traduit
T2577,Arrosage du gazon,26.55,1593,1,"affectation (fallback, type non mappé)",traduit
T2578,Arrosage du gazon,26.55,1593,1,"affectation (fallback, type non mappé)",traduit
T2579,Arrosage du gazon,26.55,1593,1,"affectation (fallback, type non mappé)",traduit
T2809,Désherbage,54.3,3258,15,compétence,traduit
T3052,Tonte,,30,12,compétence,traduit
T3053,Tonte,,30,12,compétence,traduit
T3054,Tonte,,30,12,compétence,traduit
T3051,Tonte,1.17,70,12,compétence,traduit
T2957,Nettoyage,,30,15,compétence,traduit
T2958,Nettoyage,,30,15,compétence,traduit
T2959,Nettoyage,,30,15,compétence,traduit
T2960,Nettoyage,,30,15,compétence,traduit
T2961,Nettoyage,,30,15,compétence,traduit
T2962,Nettoyage,,30,15,compétence,traduit
T2963,Nettoyage,,30,15,compétence,traduit
T2964,Nettoyage,,30,15,compétence,traduit
T2965,Nettoyage,,30,15,compétence,traduit
T2966,Nettoyage,,30,15,compétence,traduit
T2967,Nettoyage,,30,15,compétence,traduit
T2968,Nettoyage,,30,15,compétence,traduit
T2969,Nettoyage,,30,15,compétence,traduit
T2970,Nettoyage,,30,15,compétence,traduit
T2971,Nettoyage,,30,15,compétence,traduit
T2972,Nettoyage,,30,15,compétence,traduit
T3055,Tonte,1.17,70,12,compétence,traduit
T2975,Nettoyage,,30,15,compétence,traduit
T2976,Nettoyage,,30,15,compétence,traduit
T2956,Nettoyage,15.18,911,15,compétence,traduit
T2581,Arrosage,,30,15,compétence,traduit
T2582,Arrosage,,30,15,compétence,traduit
T2583,Arrosage,,30,15,compétence,traduit
T2584,Arrosage,,30,15,compétence,traduit
T2585,Arrosage,,30,15,compétence,traduit
T2586,Arrosage,,30,15,compétence,traduit
T2587,Arrosage,,30,15,compétence,traduit
T3056,Tonte,1.17,70,12,compétence,traduit
T3057,Tonte,1.17,70,12,compétence,traduit
T2811,Désherbage,54.3,3258,15,compétence,traduit
T2589,Arrosage,0.62,37,15,compétence,traduit
T2244,Désherbage,1607.22,96433,15,compétence,traduit
T2590,Arrosage,0.62,37,15,compétence,traduit
T2591,Arrosage,0.62,37,15,compétence,traduit
T2977,Nettoyage,15.18,911,15,compétence,traduit
T2978,Nettoyage,15.18,911,15,compétence,traduit
T2979,Nettoyage,15.18,911,15,compétence,traduit
T3059,Traçage des bordures,,30,1,"affectation (fallback, type non mappé)",traduit
T3060,Traçage des bordures,,30,1,"affectation (fallback, type non mappé)",traduit
T3061,Traçage des bordures,,30,1,"affectation (fallback, type non mappé)",traduit
T3058,Traçage des bordures,0.0,30,1,"affectation (fallback, type non mappé)",traduit
T2812,Binage,13.6,816,15,compétence,traduit
T2980,Désherbage,11.68,701,15,compétence,traduit
T3062,Traçage des bordures,0.0,30,1,"affectation (fallback, type non mappé)",traduit
T3063,Traçage des bordures,0.0,30,1,"affectation (fallback, type non mappé)",traduit
T191,Taille d'entretien,1.3058333333333334,78,1,"affectation (fallback, type non mappé)",traduit
T3064,Traçage des bordures,0.0,30,1,"affectation (fallback, type non mappé)",traduit
T2594,Entretien des pots intérieurs,,30,1,"affectation (fallback, type non mappé)",traduit
T2595,Entretien des pots intérieurs,,30,1,"affectation (fallback, type non mappé)",traduit
T2596,Entretien des pots intérieurs,,30,1,"affectation (fallback, type non mappé)",traduit
T2597,Entretien des pots intérieurs,,30,1,"affectation (fallback, type non mappé)",traduit
T2599,Entretien des pots intérieurs,,30,1,"affectation (fallback, type non mappé)",traduit
T2593,Entretien des pots intérieurs,4.72,283,1,"affectation (fallback, type non mappé)",traduit
T2245,Confection des cuvettes,80.0,4800,15,compétence,traduit
T218,Désherbage,18.32,1099,15,compétence,traduit
T2601,Entretien des pots intérieurs,4.72,283,1,"affectation (fallback, type non mappé)",traduit
T2602,Entretien des pots intérieurs,4.72,283,1,"affectation (fallback, type non mappé)",traduit
T2603,Entretien des pots intérieurs,4.72,283,1,"affectation (fallback, type non mappé)",traduit
T2813,Confection des cuvettes,0.0,30,15,compétence,traduit
T2814,Taille de décoration,812.1,48726,13,compétence,traduit
T2605,Arrosage des pots intérieurs,,30,1,"affectation (fallback, type non mappé)",traduit
T2606,Arrosage des pots intérieurs,,30,1,"affectation (fallback, type non mappé)",traduit
T2607,Arrosage des pots intérieurs,,30,1,"affectation (fallback, type non mappé)",traduit
T2608,Arrosage des pots intérieurs,,30,1,"affectation (fallback, type non mappé)",traduit
T2609,Arrosage des pots intérieurs,,30,1,"affectation (fallback, type non mappé)",traduit
T2610,Arrosage des pots intérieurs,,30,1,"affectation (fallback, type non mappé)",traduit
T2604,Arrosage des pots intérieurs,4.72,283,1,"affectation (fallback, type non mappé)",traduit
T2613,Arrosage des pots intérieurs,4.72,283,1,"affectation (fallback, type non mappé)",traduit
T2614,Arrosage des pots intérieurs,4.72,283,1,"affectation (fallback, type non mappé)",traduit
T2983,Désherbage,11.68,701,15,compétence,traduit
T2615,Binage,1.34,80,15,compétence,traduit
T2984,Confection des cuvettes,0.0,30,15,compétence,traduit
T2985,Confection des cuvettes,0.0,30,15,compétence,traduit
T2617,Binage,1.34,80,15,compétence,traduit
T2986,Tonte,0.91,55,12,compétence,traduit
T2618,Désherbage,3.53,212,15,compétence,traduit
T2990,Tonte,0.91,55,12,compétence,traduit
T2991,Tonte,0.91,55,12,compétence,traduit
T1878,Nettoyage,46.5,2790,15,compétence,traduit
T1874,Nettoyage,,30,15,compétence,traduit
T2619,Désherbage,3.53,212,15,compétence,traduit
T1875,Nettoyage,,30,15,compétence,traduit
T1877,Nettoyage,,30,15,compétence,traduit
T1879,Nettoyage,,30,15,compétence,traduit
T1867,Traitement,66.68,4001,1,"affectation (fallback, type non mappé)",traduit
T2620,Confection des cuvettes,0.0,30,15,compétence,traduit
T2995,Traçage des bordures,,30,1,"affectation (fallback, type non mappé)",traduit
T2994,Traçage des bordures,0.0,30,1,"affectation (fallback, type non mappé)",traduit
T2621,Confection des cuvettes,0.0,30,15,compétence,traduit
T2820,Arrosage,2.7,162,15,compétence,traduit
T2996,Traçage des bordures,0.0,30,1,"affectation (fallback, type non mappé)",traduit
T1887,Confection des cuvettes,55.38,3323,15,compétence,traduit
T2997,Traçage des bordures,0.0,30,1,"affectation (fallback, type non mappé)",traduit
T2623,Nettoyage,,30,15,compétence,traduit
T2624,Nettoyage,,30,15,compétence,traduit
T2625,Nettoyage,,30,15,compétence,traduit
T2626,Nettoyage,,30,15,compétence,traduit
T2627,Nettoyage,,30,15,compétence,traduit
T2628,Nettoyage,,30,15,compétence,traduit
T2629,Nettoyage,,30,15,compétence,traduit
T2630,Nettoyage,,30,15,compétence,traduit
T2631,Nettoyage,,30,15,compétence,traduit
T2632,Nettoyage,,30,15,compétence,traduit
T2633,Nettoyage,,30,15,compétence,traduit
T2635,Nettoyage,,30,15,compétence,traduit
T2636,Nettoyage,,30,15,compétence,traduit
T2637,Nettoyage,,30,15,compétence,traduit
T2638,Nettoyage,,30,15,compétence,traduit
T2639,Nettoyage,,30,15,compétence,traduit
T2640,Nettoyage,,30,15,compétence,traduit
T2641,Nettoyage,,30,15,compétence,traduit
T2645,Nettoyage,,30,15,compétence,traduit
T2622,Nettoyage,50.03,3002,15,compétence,traduit
T2647,Nettoyage,50.03,3002,15,compétence,traduit
T2826,Nettoyage,,30,15,compétence,traduit
T2827,Nettoyage,,30,15,compétence,traduit
T2828,Nettoyage,,30,15,compétence,traduit
T2832,Nettoyage,,30,15,compétence,traduit
T2833,Nettoyage,,30,15,compétence,traduit
T2834,Nettoyage,,30,15,compétence,traduit
T2836,Nettoyage,,30,15,compétence,traduit
T2838,Nettoyage,,30,15,compétence,traduit
T2840,Nettoyage,,30,15,compétence,traduit
T2841,Nettoyage,,30,15,compétence,traduit
T2650,Tonte,,30,12,compétence,traduit
T2843,Nettoyage,,30,15,compétence,traduit
T2652,Tonte,,30,12,compétence,traduit
T2649,Tonte,0.14,8,12,compétence,traduit
T2845,Nettoyage,,30,15,compétence,traduit
T2846,Nettoyage,,30,15,compétence,traduit
T2850,Nettoyage,,30,15,compétence,traduit
T2654,Tonte,0.14,8,12,compétence,traduit
T2852,Nettoyage,24.07,1444,15,compétence,traduit
T2853,Nettoyage,24.07,1444,15,compétence,traduit
T2857,Nettoyage,24.07,1444,15,compétence,traduit
T2656,Traçage des bordures,0.0,30,1,"affectation (fallback, type non mappé)",traduit
T2859,Nettoyage,24.07,1444,15,compétence,traduit
T2863,Nettoyage,24.07,1444,15,compétence,traduit
T2867,Nettoyage,24.07,1444,15,compétence,traduit
T2870,Nettoyage,24.07,1444,15,compétence,traduit
T2998,Tonte,0.91,55,12,compétence,traduit
T2657,Traçage des bordures,0.0,30,1,"affectation (fallback, type non mappé)",traduit
T2879,Binage,15.53,932,15,compétence,traduit
T2999,Traçage des bordures,0.0,30,1,"affectation (fallback, type non mappé)",traduit
T3001,Arrosage du gazon,,30,1,"affectation (fallback, type non mappé)",traduit
T2880,Binage,15.53,932,15,compétence,traduit
T2659,Arrosage du gazon,,30,1,"affectation (fallback, type non mappé)",traduit
T2660,Arrosage du gazon,,30,1,"affectation (fallback, type non mappé)",traduit
T2661,Arrosage du gazon,,30,1,"affectation (fallback, type non mappé)",traduit
T2662,Arrosage du gazon,,30,1,"affectation (fallback, type non mappé)",traduit
T2663,Arrosage du gazon,,30,1,"affectation (fallback, type non mappé)",traduit
T2665,Arrosage du gazon,,30,1,"affectation (fallback, type non mappé)",traduit
T2666,Arrosage du gazon,,30,1,"affectation (fallback, type non mappé)",traduit
T2667,Arrosage du gazon,,30,1,"affectation (fallback, type non mappé)",traduit
T2658,Arrosage du gazon,1.71,103,1,"affectation (fallback, type non mappé)",traduit
T3002,Arrosage du gazon,,30,1,"affectation (fallback, type non mappé)",traduit
T3003,Arrosage du gazon,,30,1,"affectation (fallback, type non mappé)",traduit
T3004,Arrosage du gazon,,30,1,"affectation (fallback, type non mappé)",traduit
T3005,Arrosage du gazon,,30,1,"affectation (fallback, type non mappé)",traduit
T3006,Arrosage du gazon,,30,1,"affectation (fallback, type non mappé)",traduit
T3007,Arrosage du gazon,,30,1,"affectation (fallback, type non mappé)",traduit
T3008,Arrosage du gazon,,30,1,"affectation (fallback, type non mappé)",traduit
T3009,Arrosage du gazon,,30,1,"affectation (fallback, type non mappé)",traduit
T3010,Arrosage du gazon,,30,1,"affectation (fallback, type non mappé)",traduit
T2881,Désherbage,59.92,3595,15,compétence,traduit
T2671,Arrosage du gazon,1.71,103,1,"affectation (fallback, type non mappé)",traduit
T3011,Arrosage du gazon,,30,1,"affectation (fallback, type non mappé)",traduit
T3012,Arrosage du gazon,,30,1,"affectation (fallback, type non mappé)",traduit
T3013,Arrosage du gazon,,30,1,"affectation (fallback, type non mappé)",traduit
T3016,Arrosage du gazon,,30,1,"affectation (fallback, type non mappé)",traduit
T3000,Arrosage du gazon,11.38,683,1,"affectation (fallback, type non mappé)",traduit
T2673,Taille d'entretien,0.46,28,1,"affectation (fallback, type non mappé)",traduit
T2882,Désherbage,49.02,2941,15,compétence,traduit
T3017,Arrosage du gazon,11.38,683,1,"affectation (fallback, type non mappé)",traduit
T3018,Arrosage du gazon,11.38,683,1,"affectation (fallback, type non mappé)",traduit
T3019,Arrosage du gazon,11.38,683,1,"affectation (fallback, type non mappé)",traduit
T2883,Confection des cuvettes,0.0,30,15,compétence,traduit
T2675,Arrosage,,30,15,compétence,traduit
T2676,Arrosage,,30,15,compétence,traduit
T2677,Arrosage,,30,15,compétence,traduit
T2674,Arrosage,8.62,517,15,compétence,traduit
T3021,Arrosage,,30,15,compétence,traduit
T3022,Arrosage,,30,15,compétence,traduit
T3023,Arrosage,,30,15,compétence,traduit
T3020,Arrosage,3.71,223,15,compétence,traduit
T2679,Arrosage,8.62,517,15,compétence,traduit
T2680,Arrosage,8.62,517,15,compétence,traduit
T2681,Arrosage,8.62,517,15,compétence,traduit
T2884,Confection des cuvettes,0.0,30,15,compétence,traduit
T3025,Arrosage,3.71,223,15,compétence,traduit
T3026,Arrosage,3.71,223,15,compétence,traduit
T3027,Arrosage,3.71,223,15,compétence,traduit
T3028,Ecorçage,0.0,30,1,"affectation (fallback, type non mappé)",traduit
T2886,Tonte,1.44,86,12,compétence,traduit
T2889,Tonte,1.44,86,12,compétence,traduit
T2683,Arrosage,,30,15,compétence,traduit
T2684,Arrosage,,30,15,compétence,traduit
T2685,Arrosage,,30,15,compétence,traduit
T2686,Arrosage,,30,15,compétence,traduit
T2687,Arrosage,,30,15,compétence,traduit
T2688,Arrosage,,30,15,compétence,traduit
T2691,Arrosage,,30,15,compétence,traduit
T2692,Arrosage,,30,15,compétence,traduit
T2693,Arrosage,,30,15,compétence,traduit
T2694,Arrosage,,30,15,compétence,traduit
T2695,Arrosage,,30,15,compétence,traduit
T2696,Arrosage,,30,15,compétence,traduit
T2697,Arrosage,,30,15,compétence,traduit
T2698,Arrosage,,30,15,compétence,traduit
T2699,Arrosage,,30,15,compétence,traduit
T2700,Arrosage,,30,15,compétence,traduit
T2701,Arrosage,,30,15,compétence,traduit
T2702,Arrosage,,30,15,compétence,traduit
T2703,Arrosage,,30,15,compétence,traduit
T2704,Arrosage,,30,15,compétence,traduit
T2705,Arrosage,,30,15,compétence,traduit
T2706,Arrosage,,30,15,compétence,traduit
T2707,Arrosage,,30,15,compétence,traduit
T2708,Arrosage,,30,15,compétence,traduit
T2709,Arrosage,,30,15,compétence,traduit
T2710,Arrosage,,30,15,compétence,traduit
T2711,Arrosage,,30,15,compétence,traduit
T2712,Arrosage,,30,15,compétence,traduit
T2713,Arrosage,,30,15,compétence,traduit
T2714,Arrosage,,30,15,compétence,traduit
T2715,Arrosage,,30,15,compétence,traduit
T2716,Arrosage,,30,15,compétence,traduit
T2717,Arrosage,,30,15,compétence,traduit
T2718,Arrosage,,30,15,compétence,traduit
T3029,Taille d'entretien,16.61,997,1,"affectation (fallback, type non mappé)",traduit
T2719,Arrosage,,30,15,compétence,traduit
T2720,Arrosage,,30,15,compétence,traduit
T2721,Arrosage,,30,15,compétence,traduit
T2722,Arrosage,,30,15,compétence,traduit
T2723,Arrosage,,30,15,compétence,traduit
T2724,Arrosage,,30,15,compétence,traduit
T2725,Arrosage,,30,15,compétence,traduit
T2726,Arrosage,,30,15,compétence,traduit
T2727,Arrosage,,30,15,compétence,traduit
T2728,Arrosage,,30,15,compétence,traduit
T2729,Arrosage,,30,15,compétence,traduit
T2730,Arrosage,,30,15,compétence,traduit
T2731,Arrosage,,30,15,compétence,traduit
T2732,Arrosage,,30,15,compétence,traduit
T2733,Arrosage,,30,15,compétence,traduit
T2734,Arrosage,,30,15,compétence,traduit
T2735,Arrosage,,30,15,compétence,traduit
T2736,Arrosage,,30,15,compétence,traduit
T2737,Arrosage,,30,15,compétence,traduit
T2738,Arrosage,,30,15,compétence,traduit
T2739,Arrosage,,30,15,compétence,traduit
T2740,Arrosage,,30,15,compétence,traduit
T2741,Arrosage,,30,15,compétence,traduit
T2742,Arrosage,,30,15,compétence,traduit
T2743,Arrosage,,30,15,compétence,traduit
T2744,Arrosage,,30,15,compétence,traduit
T2745,Arrosage,,30,15,compétence,traduit
T2746,Arrosage,,30,15,compétence,traduit
T2747,Arrosage,,30,15,compétence,traduit
T2748,Arrosage,,30,15,compétence,traduit
T2749,Arrosage,,30,15,compétence,traduit
T2750,Arrosage,,30,15,compétence,traduit
T2751,Arrosage,,30,15,compétence,traduit
T2682,Arrosage,0.5,30,15,compétence,traduit
T2890,Tonte,1.44,86,12,compétence,traduit
T2891,Tonte,1.44,86,12,compétence,traduit
T3030,Taille d'entretien,16.61,997,1,"affectation (fallback, type non mappé)",traduit
T2894,Traçage des bordures,,30,1,"affectation (fallback, type non mappé)",traduit
T2896,Traçage des bordures,,30,1,"affectation (fallback, type non mappé)",traduit
T2893,Traçage des bordures,0.0,30,1,"affectation (fallback, type non mappé)",traduit
T3031,Binage,213.86,12832,15,compétence,traduit
T2752,Arrosage,0.5,30,15,compétence,traduit
T2753,Arrosage,0.5,30,15,compétence,traduit
T2754,Arrosage,0.5,30,15,compétence,traduit
T2755,Arrosage,0.5,30,15,compétence,traduit
T2756,Arrosage,0.5,30,15,compétence,traduit
T2757,Arrosage,0.5,30,15,compétence,traduit
T2758,Arrosage,0.5,30,15,compétence,traduit
T2759,Arrosage,0.5,30,15,compétence,traduit
T2760,Arrosage,0.5,30,15,compétence,traduit
T2761,Arrosage,0.5,30,15,compétence,traduit
T2762,Arrosage,0.5,30,15,compétence,traduit
T2763,Arrosage,0.5,30,15,compétence,traduit
T2764,Arrosage,0.5,30,15,compétence,traduit
T2765,Arrosage,0.5,30,15,compétence,traduit
T2766,Arrosage,0.5,30,15,compétence,traduit
T2767,Arrosage,0.5,30,15,compétence,traduit
T2768,Arrosage,0.5,30,15,compétence,traduit
T2769,Arrosage,0.5,30,15,compétence,traduit
T2770,Arrosage,0.5,30,15,compétence,traduit
T2771,Arrosage,0.5,30,15,compétence,traduit
T2772,Arrosage,0.5,30,15,compétence,traduit
T2773,Arrosage,0.5,30,15,compétence,traduit
T2774,Arrosage,0.5,30,15,compétence,traduit
T2775,Arrosage,0.5,30,15,compétence,traduit
T2776,Arrosage,0.5,30,15,compétence,traduit
T2777,Arrosage,0.5,30,15,compétence,traduit
T2778,Arrosage,0.5,30,15,compétence,traduit
T2779,Arrosage,0.5,30,15,compétence,traduit
T2780,Arrosage,0.5,30,15,compétence,traduit
T2781,Arrosage,0.5,30,15,compétence,traduit
T2782,Arrosage,0.5,30,15,compétence,traduit
T2783,Arrosage,0.5,30,15,compétence,traduit
T2784,Arrosage,0.5,30,15,compétence,traduit
T2785,Arrosage,0.5,30,15,compétence,traduit
T2898,Traçage des bordures,0.0,30,1,"affectation (fallback, type non mappé)",traduit
T3032,Binage,213.86,12832,15,compétence,traduit
T2900,Taille d'entretien,56.65,3399,1,"affectation (fallback, type non mappé)",traduit
T3033,Désherbage,844.57,50674,15,compétence,traduit
T2901,Taille d'entretien,56.65,3399,1,"affectation (fallback, type non mappé)",traduit
T2903,Arrosage du gazon,,30,1,"affectation (fallback, type non mappé)",traduit
T2904,Arrosage du gazon,,30,1,"affectation (fallback, type non mappé)",traduit
T2905,Arrosage du gazon,,30,1,"affectation (fallback, type non mappé)",traduit
T2906,Arrosage du gazon,,30,1,"affectation (fallback, type non mappé)",traduit
T2907,Arrosage du gazon,,30,1,"affectation (fallback, type non mappé)",traduit
T2908,Arrosage du gazon,,30,1,"affectation (fallback, type non mappé)",traduit
T2909,Arrosage du gazon,,30,1,"affectation (fallback, type non mappé)",traduit
T2910,Arrosage du gazon,,30,1,"affectation (fallback, type non mappé)",traduit
T2911,Arrosage du gazon,,30,1,"affectation (fallback, type non mappé)",traduit
T2912,Arrosage du gazon,,30,1,"affectation (fallback, type non mappé)",traduit
T2913,Arrosage du gazon,,30,1,"affectation (fallback, type non mappé)",traduit
T2914,Arrosage du gazon,,30,1,"affectation (fallback, type non mappé)",traduit
T2915,Arrosage du gazon,,30,1,"affectation (fallback, type non mappé)",traduit
T2916,Arrosage du gazon,,30,1,"affectation (fallback, type non mappé)",traduit
T2917,Arrosage du gazon,,30,1,"affectation (fallback, type non mappé)",traduit
T2918,Arrosage du gazon,,30,1,"affectation (fallback, type non mappé)",traduit
T2921,Arrosage du gazon,,30,1,"affectation (fallback, type non mappé)",traduit
T2922,Arrosage du gazon,,30,1,"affectation (fallback, type non mappé)",traduit
T2902,Arrosage du gazon,18.05,1083,1,"affectation (fallback, type non mappé)",traduit
T811,Arrosage,0.02,1,15,compétence,traduit
T2923,Arrosage du gazon,18.05,1083,1,"affectation (fallback, type non mappé)",traduit
T2924,Arrosage du gazon,18.05,1083,1,"affectation (fallback, type non mappé)",traduit
T2925,Arrosage du gazon,18.05,1083,1,"affectation (fallback, type non mappé)",traduit
T2930,Arrosage,,30,15,compétence,traduit
T2931,Arrosage,,30,15,compétence,traduit
T2932,Arrosage,,30,15,compétence,traduit
T2929,Arrosage,8.67,520,15,compétence,traduit
