id,nom,competences
DECOUPEUSE_LASER_1,,decoupeuse_laser
DECOUPEUSE_LASER_2,,decoupeuse_laser
DECOUPEUSE_LASER_3,,decoupeuse_laser
DECOUPEUSE_LASER_4,,decoupeuse_laser
DECOUPEUSE_LASER_5,,decoupeuse_laser
DECOUPEUSE_PLASMA_1,,decoupeuse_plasma
DECOUPEUSE_PLASMA_2,,decoupeuse_plasma
DECOUPEUSE_PLASMA_3,,decoupeuse_plasma
PERCEUSE_CNC_1,,perceuse_cnc
PERCEUSE_CNC_2,,perceuse_cnc
PERCEUSE_CNC_3,,perceuse_cnc
PERCEUSE_CNC_4,,perceuse_cnc
PERCEUSE_CNC_5,,perceuse_cnc
PERCEUSE_CNC_6,,perceuse_cnc
PERCEUSE_CNC_7,,perceuse_cnc
PERCEUSE_CNC_8,,perceuse_cnc
FRAISEUSE_CNC_1,,fraiseuse_cnc
FRAISEUSE_CNC_2,,fraiseuse_cnc
FRAISEUSE_CNC_3,,fraiseuse_cnc
FRAISEUSE_CNC_4,,fraiseuse_cnc
FRAISEUSE_CNC_5,,fraiseuse_cnc
FRAISEUSE_CNC_6,,fraiseuse_cnc
PRESSE_PLIAGE_1,,presse_pliage
PRESSE_PLIAGE_2,,presse_pliage
PRESSE_PLIAGE_3,,presse_pliage
PRESSE_PLIAGE_4,,presse_pliage
PRESSE_EMBOUTISSAGE_1,,presse_emboutissage
PRESSE_EMBOUTISSAGE_2,,presse_emboutissage
PRESSE_EMBOUTISSAGE_3,,presse_emboutissage
POSTE_SOUDURE_1,,poste_soudure
POSTE_SOUDURE_2,,poste_soudure
POSTE_SOUDURE_3,,poste_soudure
POSTE_SOUDURE_4,,poste_soudure
POSTE_SOUDURE_5,,poste_soudure
POSTE_SOUDURE_6,,poste_soudure
POSTE_SOUDURE_7,,poste_soudure
POSTE_SOUDURE_8,,poste_soudure
POSTE_SOUDURE_9,,poste_soudure
POSTE_SOUDURE_10,,poste_soudure
ROBOT_SOUDURE_1,,robot_soudure
ROBOT_SOUDURE_2,,robot_soudure
ROBOT_SOUDURE_3,,robot_soudure
ROBOT_SOUDURE_4,,robot_soudure
CABINE_PEINTURE_1,,cabine_peinture
CABINE_PEINTURE_2,,cabine_peinture
CABINE_PEINTURE_3,,cabine_peinture
CABINE_PEINTURE_4,,cabine_peinture
CABINE_PEINTURE_5,,cabine_peinture
CABINE_PEINTURE_6,,cabine_peinture
TUNNEL_PEINTURE_1,,tunnel_peinture
TUNNEL_PEINTURE_2,,tunnel_peinture
TUNNEL_PEINTURE_3,,tunnel_peinture
POSTE_ASSEMBLAGE_1,,poste_assemblage
POSTE_ASSEMBLAGE_2,,poste_assemblage
POSTE_ASSEMBLAGE_3,,poste_assemblage
POSTE_ASSEMBLAGE_4,,poste_assemblage
POSTE_ASSEMBLAGE_5,,poste_assemblage
POSTE_ASSEMBLAGE_6,,poste_assemblage
POSTE_ASSEMBLAGE_7,,poste_assemblage
POSTE_ASSEMBLAGE_8,,poste_assemblage
POSTE_ASSEMBLAGE_9,,poste_assemblage
POSTE_ASSEMBLAGE_10,,poste_assemblage
POSTE_ASSEMBLAGE_11,,poste_assemblage
POSTE_ASSEMBLAGE_12,,poste_assemblage
STATION_CONTROLE_1,,station_controle
STATION_CONTROLE_2,,station_controle
STATION_CONTROLE_3,,station_controle
STATION_CONTROLE_4,,station_controle
STATION_CONTROLE_5,,station_controle
STATION_CONTROLE_6,,station_controle
STATION_CONTROLE_7,,station_controle
STATION_CONTROLE_8,,station_controle
POSTE_EBAVURAGE_1,,poste_ebavurage
POSTE_EBAVURAGE_2,,poste_ebavurage
POSTE_EBAVURAGE_3,,poste_ebavurage
POSTE_EBAVURAGE_4,,poste_ebavurage
POSTE_EBAVURAGE_5,,poste_ebavurage
POSTE_EBAVURAGE_6,,poste_ebavurage
CENTRE_USINAGE_1,,centre_usinage
CENTRE_USINAGE_2,,centre_usinage
CENTRE_USINAGE_3,,centre_usinage
CENTRE_USINAGE_4,,centre_usinage
CENTRE_USINAGE_5,,centre_usinage
POSTE_POLISSAGE_1,,poste_polissage
POSTE_POLISSAGE_2,,poste_polissage
POSTE_POLISSAGE_3,,poste_polissage
POSTE_POLISSAGE_4,,poste_polissage
