id,nom
SQUARE_TROUSSEAU_DESHERBAGE_0001,
SQUARE_TROUSSEAU_TRAITEMENT_0002,
SQUARE_TROUSSEAU_TAILLE_HAIES_0003,
SQUARE_TROUSSEAU_EVACUATION_DECHETS_0004,
SQUARE_TROUSSEAU_PLANTATION_0005,
SQUARE_TROUSSEAU_TONTE_0006,
SQUARE_TROUSSEAU_ARROSAGE_0007,
SQUARE_RECAMIER_TRAITEMENT_0008,
SQUARE_RECAMIER_DESHERBAGE_0009,
SQUARE_RECAMIER_EVACUATION_DECHETS_0010,
SQUARE_RECAMIER_TONTE_0011,
SQUARE_RECAMIER_ARROSAGE_0012,
SQUARE_RECAMIER_PLANTATION_0013,
JARDIN_PALAIS_ROYAL_PLANTATION_0014,
JARDIN_PALAIS_ROYAL_TONTE_0015,
JARDIN_PALAIS_ROYAL_ARROSAGE_0016,
JARDIN_PALAIS_ROYAL_TRAITEMENT_0017,
JARDIN_PALAIS_ROYAL_EVACUATION_DECHETS_0018,
PARC_BERCY_TRAITEMENT_0019,
PARC_BERCY_TAILLE_HAIES_0020,
PARC_BERCY_TONTE_0021,
PARC_BERCY_ARROSAGE_0022,
PARC_BERCY_PLANTATION_0023,
PARC_BERCY_DESHERBAGE_0024,
PARC_BERCY_EVACUATION_DECHETS_0025,
JARDIN_CATHERINE_LABOURE_TRAITEMENT_0026,
JARDIN_CATHERINE_LABOURE_PLANTATION_0027,
JARDIN_CATHERINE_LABOURE_DESHERBAGE_0028,
JARDIN_CATHERINE_LABOURE_TAILLE_HAIES_0029,
JARDIN_CATHERINE_LABOURE_TONTE_0030,
JARDIN_CATHERINE_LABOURE_PLANTATION_0031,
JARDIN_CATHERINE_LABOURE_TRAITEMENT_0032,
JARDIN_CATHERINE_LABOURE_EVACUATION_DECHETS_0033,
JARDIN_CATHERINE_LABOURE_ARROSAGE_0034,
JARDIN_CATHERINE_LABOURE_TONTE_0035,
JARDIN_CATHERINE_LABOURE_PLANTATION_0036,
JARDIN_CATHERINE_LABOURE_ARROSAGE_0037,
JARDIN_CATHERINE_LABOURE_TAILLE_HAIES_0038,
JARDIN_CATHERINE_LABOURE_TRAITEMENT_0039,
JARDIN_CATHERINE_LABOURE_DESHERBAGE_0040,
BOIS_VINCENNES_TONTE_0041,
BOIS_VINCENNES_PLANTATION_0042,
BOIS_VINCENNES_TRAITEMENT_0043,
BOIS_VINCENNES_EVACUATION_DECHETS_0044,
BOIS_VINCENNES_TAILLE_HAIES_0045,
BOIS_VINCENNES_ARROSAGE_0046,
BOIS_VINCENNES_DESHERBAGE_0047,
JARDIN_CATHERINE_LABOURE_TAILLE_HAIES_0048,
JARDIN_CATHERINE_LABOURE_TONTE_0049,
JARDIN_CATHERINE_LABOURE_DESHERBAGE_0050,
JARDIN_CATHERINE_LABOURE_EVACUATION_DECHETS_0051,
JARDIN_CATHERINE_LABOURE_ARROSAGE_0052,
JARDIN_CATHERINE_LABOURE_TRAITEMENT_0053,
PARC_BERCY_EVACUATION_DECHETS_0054,
PARC_BERCY_ARROSAGE_0055,
PARC_BERCY_TRAITEMENT_0056,
PARC_BERCY_PLANTATION_0057,
PARC_BERCY_DESHERBAGE_0058,
PARC_BERCY_TONTE_0059,
JARDIN_PALAIS_ROYAL_DESHERBAGE_0060,
JARDIN_PALAIS_ROYAL_TAILLE_HAIES_0061,
JARDIN_PALAIS_ROYAL_PLANTATION_0062,
JARDIN_PALAIS_ROYAL_ARROSAGE_0063,
JARDIN_PALAIS_ROYAL_EVACUATION_DECHETS_0064,
JARDIN_PALAIS_ROYAL_TONTE_0065,
JARDIN_PALAIS_ROYAL_TRAITEMENT_0066,
JARDIN_PALAIS_ROYAL_DESHERBAGE_0067,
JARDIN_PALAIS_ROYAL_PLANTATION_0068,
JARDIN_PALAIS_ROYAL_TRAITEMENT_0069,
JARDIN_PALAIS_ROYAL_TAILLE_HAIES_0070,
JARDIN_PALAIS_ROYAL_ARROSAGE_0071,
JARDIN_PALAIS_ROYAL_TONTE_0072,
JARDIN_PALAIS_ROYAL_EVACUATION_DECHETS_0073,
JARDIN_PLANTES_DESHERBAGE_0074,
JARDIN_PLANTES_TRAITEMENT_0075,
JARDIN_PLANTES_EVACUATION_DECHETS_0076,
JARDIN_PLANTES_ARROSAGE_0077,
JARDIN_PLANTES_PLANTATION_0078,
PROMENADE_PLANTEE_TONTE_0079,
PROMENADE_PLANTEE_ARROSAGE_0080,
PROMENADE_PLANTEE_PLANTATION_0081,
PROMENADE_PLANTEE_EVACUATION_DECHETS_0082,
PROMENADE_PLANTEE_TRAITEMENT_0083,
PROMENADE_PLANTEE_DESHERBAGE_0084,
JARDIN_ATLANTIQUE_DESHERBAGE_0085,
JARDIN_ATLANTIQUE_EVACUATION_DECHETS_0086,
JARDIN_ATLANTIQUE_TAILLE_HAIES_0087,
JARDIN_ATLANTIQUE_TRAITEMENT_0088,
JARDIN_ATLANTIQUE_PLANTATION_0089,
JARDIN_ATLANTIQUE_TONTE_0090,
JARDIN_LUXEMBOURG_DESHERBAGE_0091,
JARDIN_LUXEMBOURG_PLANTATION_0092,
JARDIN_LUXEMBOURG_TRAITEMENT_0093,
JARDIN_LUXEMBOURG_TAILLE_HAIES_0094,
JARDIN_LUXEMBOURG_ARROSAGE_0095,
JARDIN_LUXEMBOURG_EVACUATION_DECHETS_0096,
JARDIN_LUXEMBOURG_TONTE_0097,
