id,nom,duree_estimee_jours
PATIENT_MICHEL_INTERVENTION_0001,,2
PATIENT_MICHEL_REVEIL_0002,,1
PATIENT_MICHEL_ADMISSION_0003,,1
PATIENT_MICHEL_SOINS_POSTOP_0004,,8
PATIENT_MICHEL_CONTROLE_POSTOP_0005,,1
PATIENT_SIMON_REVEIL_0006,,1
PATIENT_SIMON_PREPARATION_PATIENT_0007,,1
PATIENT_SIMON_SOINS_POSTOP_0008,,4
PATIENT_SIMON_CONTROLE_POSTOP_0009,,1
PATIENT_SIMON_EXAMENS_PREOP_0010,,1
PATIENT_SIMON_ADMISSION_0011,,1
PATIENT_SIMON_INTERVENTION_0012,,6
PATIENT_VINCENT_INTERVENTION_0013,,5
PATIENT_VINCENT_SOINS_POSTOP_0014,,11
PATIENT_VINCENT_ADMISSION_0015,,1
PATIENT_VINCENT_CONTROLE_POSTOP_0016,,1
PATIENT_VINCENT_PREPARATION_PATIENT_0017,,1
PATIENT_VINCENT_REVEIL_0018,,2
PATIENT_VINCENT_EXAMENS_PREOP_0019,,2
PATIENT_LEFEBVRE_SOINS_POSTOP_0020,,23
PATIENT_LEFEBVRE_ADMISSION_0021,,1
PATIENT_LEFEBVRE_INTERVENTION_0022,,4
PATIENT_LEFEBVRE_PREPARATION_PATIENT_0023,,1
PATIENT_THOMAS_ADMISSION_0024,,1
PATIENT_THOMAS_INTERVENTION_0025,,6
PATIENT_THOMAS_CONTROLE_POSTOP_0026,,1
PATIENT_THOMAS_EXAMENS_PREOP_0027,,2
PATIENT_THOMAS_PREPARATION_PATIENT_0028,,1
PATIENT_THOMAS_EXAMENS_PREOP_0029,,2
PATIENT_THOMAS_CONTROLE_POSTOP_0030,,1
PATIENT_THOMAS_PREPARATION_PATIENT_0031,,1
PATIENT_THOMAS_REVEIL_0032,,2
PATIENT_THOMAS_INTERVENTION_0033,,3
PATIENT_ANDRE_CONTROLE_POSTOP_0034,,1
PATIENT_ANDRE_EXAMENS_PREOP_0035,,2
PATIENT_ANDRE_INTERVENTION_0036,,5
PATIENT_ANDRE_SOINS_POSTOP_0037,,19
PATIENT_ANDRE_PREPARATION_PATIENT_0038,,1
PATIENT_ANDRE_ADMISSION_0039,,1
PATIENT_ANDRE_REVEIL_0040,,1
PATIENT_RICHARD_SOINS_POSTOP_0041,,12
PATIENT_RICHARD_PREPARATION_PATIENT_0042,,1
PATIENT_RICHARD_REVEIL_0043,,1
PATIENT_RICHARD_ADMISSION_0044,,1
PATIENT_RICHARD_INTERVENTION_0045,,8
PATIENT_SIMON_EXAMENS_PREOP_0046,,2
PATIENT_SIMON_ADMISSION_0047,,1
PATIENT_SIMON_PREPARATION_PATIENT_0048,,1
PATIENT_SIMON_SOINS_POSTOP_0049,,17
PATIENT_SIMON_CONTROLE_POSTOP_0050,,1
PATIENT_SIMON_INTERVENTION_0051,,4
PATIENT_MOREAU_INTERVENTION_0052,,1
PATIENT_MOREAU_SOINS_POSTOP_0053,,7
PATIENT_MOREAU_EXAMENS_PREOP_0054,,2
PATIENT_MOREAU_REVEIL_0055,,1
PATIENT_MOREAU_PREPARATION_PATIENT_0056,,1
PATIENT_MOREAU_CONTROLE_POSTOP_0057,,1
PATIENT_MOREAU_ADMISSION_0058,,1
PATIENT_RICHARD_ADMISSION_0059,,1
PATIENT_RICHARD_INTERVENTION_0060,,6
PATIENT_RICHARD_CONTROLE_POSTOP_0061,,1
PATIENT_RICHARD_REVEIL_0062,,2
PATIENT_ROBERT_INTERVENTION_0063,,3
PATIENT_ROBERT_REVEIL_0064,,1
PATIENT_ROBERT_ADMISSION_0065,,1
PATIENT_ROBERT_SOINS_POSTOP_0066,,3
PATIENT_ROBERT_EXAMENS_PREOP_0067,,1
PATIENT_SIMON_SOINS_POSTOP_0068,,4
PATIENT_SIMON_CONTROLE_POSTOP_0069,,1
PATIENT_SIMON_PREPARATION_PATIENT_0070,,1
PATIENT_SIMON_EXAMENS_PREOP_0071,,2
PATIENT_LEFEVRE_PREPARATION_PATIENT_0072,,1
PATIENT_LEFEVRE_INTERVENTION_0073,,2
PATIENT_LEFEVRE_ADMISSION_0074,,1
PATIENT_LEFEVRE_REVEIL_0075,,2
PATIENT_LEFEVRE_SOINS_POSTOP_0076,,19
PATIENT_RICHARD_CONTROLE_POSTOP_0077,,1
PATIENT_RICHARD_ADMISSION_0078,,1
PATIENT_RICHARD_INTERVENTION_0079,,7
PATIENT_RICHARD_EXAMENS_PREOP_0080,,1
PATIENT_ROUX_EXAMENS_PREOP_0081,,1
PATIENT_ROUX_ADMISSION_0082,,1
PATIENT_ROUX_SOINS_POSTOP_0083,,11
PATIENT_ROUX_REVEIL_0084,,2
PATIENT_ROUX_CONTROLE_POSTOP_0085,,1
PATIENT_ROUX_PREPARATION_PATIENT_0086,,1
PATIENT_ROUX_INTERVENTION_0087,,2
PATIENT_LEFEBVRE_PREPARATION_PATIENT_0088,,1
PATIENT_LEFEBVRE_ADMISSION_0089,,1
PATIENT_LEFEBVRE_CONTROLE_POSTOP_0090,,1
PATIENT_LEFEBVRE_REVEIL_0091,,2
PATIENT_LEFEBVRE_SOINS_POSTOP_0092,,21
PATIENT_FOURNIER_EXAMENS_PREOP_0093,,2
PATIENT_FOURNIER_PREPARATION_PATIENT_0094,,1
PATIENT_FOURNIER_ADMISSION_0095,,1
PATIENT_FOURNIER_SOINS_POSTOP_0096,,3
PATIENT_FOURNIER_REVEIL_0097,,1
PATIENT_DAVID_SOINS_POSTOP_0098,,10
PATIENT_DAVID_PREPARATION_PATIENT_0099,,1
PATIENT_DAVID_CONTROLE_POSTOP_0100,,1
PATIENT_DAVID_REVEIL_0101,,1
PATIENT_DAVID_ADMISSION_0102,,1
PATIENT_DAVID_INTERVENTION_0103,,2
PATIENT_MOREAU_EXAMENS_PREOP_0104,,1
PATIENT_MOREAU_INTERVENTION_0105,,3
PATIENT_MOREAU_ADMISSION_0106,,1
PATIENT_MOREAU_CONTROLE_POSTOP_0107,,1
PATIENT_MOREAU_SOINS_POSTOP_0108,,3
PATIENT_MOREAU_PREPARATION_PATIENT_0109,,1
PATIENT_MOREAU_REVEIL_0110,,2
PATIENT_MOREAU_INTERVENTION_0111,,3
PATIENT_MOREAU_CONTROLE_POSTOP_0112,,1
PATIENT_MOREAU_ADMISSION_0113,,1
PATIENT_MOREAU_PREPARATION_PATIENT_0114,,1
PATIENT_MOREAU_EXAMENS_PREOP_0115,,2
PATIENT_MOREAU_SOINS_POSTOP_0116,,5
PATIENT_MOREAU_REVEIL_0117,,2
PATIENT_SIMON_INTERVENTION_0118,,3
PATIENT_SIMON_ADMISSION_0119,,1
PATIENT_SIMON_REVEIL_0120,,1
PATIENT_SIMON_SOINS_POSTOP_0121,,10
PATIENT_SIMON_EXAMENS_PREOP_0122,,1
PATIENT_SIMON_PREPARATION_PATIENT_0123,,1
PATIENT_SIMON_CONTROLE_POSTOP_0124,,1
PATIENT_ROBERT_REVEIL_0125,,1
PATIENT_ROBERT_PREPARATION_PATIENT_0126,,1
PATIENT_ROBERT_EXAMENS_PREOP_0127,,2
PATIENT_ROBERT_SOINS_POSTOP_0128,,6
PATIENT_ROBERT_ADMISSION_0129,,1
PATIENT_ROBERT_INTERVENTION_0130,,4
PATIENT_ROBERT_CONTROLE_POSTOP_0131,,1
PATIENT_LEFEBVRE_INTERVENTION_0132,,6
PATIENT_LEFEBVRE_CONTROLE_POSTOP_0133,,1
PATIENT_LEFEBVRE_REVEIL_0134,,2
PATIENT_LEFEBVRE_PREPARATION_PATIENT_0135,,1
PATIENT_LEFEBVRE_EXAMENS_PREOP_0136,,1
PATIENT_LEFEBVRE_ADMISSION_0137,,1
PATIENT_PETIT_INTERVENTION_0138,,2
PATIENT_PETIT_CONTROLE_POSTOP_0139,,1
PATIENT_PETIT_SOINS_POSTOP_0140,,15
PATIENT_PETIT_PREPARATION_PATIENT_0141,,1
PATIENT_PETIT_REVEIL_0142,,1
PATIENT_PETIT_ADMISSION_0143,,1
PATIENT_PETIT_EXAMENS_PREOP_0144,,1
PATIENT_LAURENT_SOINS_POSTOP_0145,,8
PATIENT_LAURENT_CONTROLE_POSTOP_0146,,1
PATIENT_LAURENT_ADMISSION_0147,,1
PATIENT_LAURENT_INTERVENTION_0148,,3
PATIENT_LAURENT_PREPARATION_PATIENT_0149,,1
PATIENT_LAURENT_REVEIL_0150,,1
PATIENT_LAURENT_EXAMENS_PREOP_0151,,2
PATIENT_THOMAS_REVEIL_0152,,1
PATIENT_THOMAS_INTERVENTION_0153,,6
PATIENT_THOMAS_ADMISSION_0154,,1
PATIENT_THOMAS_CONTROLE_POSTOP_0155,,1
PATIENT_THOMAS_SOINS_POSTOP_0156,,5
PATIENT_THOMAS_PREPARATION_PATIENT_0157,,1
PATIENT_THOMAS_EXAMENS_PREOP_0158,,1
PATIENT_BERNARD_EXAMENS_PREOP_0159,,1
PATIENT_BERNARD_CONTROLE_POSTOP_0160,,1
PATIENT_BERNARD_SOINS_POSTOP_0161,,7
PATIENT_BERNARD_PREPARATION_PATIENT_0162,,1
PATIENT_BERNARD_REVEIL_0163,,2
PATIENT_MOREL_EXAMENS_PREOP_0164,,1
PATIENT_MOREL_CONTROLE_POSTOP_0165,,1
PATIENT_MOREL_PREPARATION_PATIENT_0166,,1
PATIENT_MOREL_INTERVENTION_0167,,2
PATIENT_MOREL_REVEIL_0168,,1
PATIENT_MOREL_SOINS_POSTOP_0169,,13
PATIENT_MOREL_ADMISSION_0170,,1
PATIENT_MOREL_EXAMENS_PREOP_0171,,1
PATIENT_MOREL_PREPARATION_PATIENT_0172,,1
PATIENT_MOREL_REVEIL_0173,,2
PATIENT_BERTRAND_PREPARATION_PATIENT_0174,,1
PATIENT_BERTRAND_SOINS_POSTOP_0175,,21
PATIENT_BERTRAND_INTERVENTION_0176,,3
PATIENT_BERTRAND_REVEIL_0177,,1
PATIENT_BERTRAND_EXAMENS_PREOP_0178,,2
PATIENT_DUPONT_INTERVENTION_0179,,8
PATIENT_DUPONT_SOINS_POSTOP_0180,,20
PATIENT_DUPONT_ADMISSION_0181,,1
PATIENT_DUPONT_REVEIL_0182,,1
PATIENT_DUPONT_CONTROLE_POSTOP_0183,,1
PATIENT_DUPONT_PREPARATION_PATIENT_0184,,1
PATIENT_MOREAU_EXAMENS_PREOP_0185,,2
PATIENT_MOREAU_SOINS_POSTOP_0186,,4
PATIENT_MOREAU_ADMISSION_0187,,1
PATIENT_MOREAU_PREPARATION_PATIENT_0188,,1
