code_operation,duree_jours,poste_id,operation_precedente
LIV_GRENOBLE_LIVRAISON_0001,3,CAMIONNETTE_4,
LIV_GRENOBLE_STOCKAGE_0002,1,ZONE_STOCKAGE_5,LIV_GRENOBLE_LIVRAISON_0001
LIV_GRENOBLE_PREPARATION_COMMANDE_0003,1,ZONE_PREPARATION_7,LIV_GRENOBLE_STOCKAGE_0002
LIV_GRENOBLE_RECEPTION_0004,1,QUAI_DECHARGEMENT_3,LIV_GRENOBLE_PREPARATION_COMMANDE_0003
LIV_GRENOBLE_TRANSPORT_0005,3,CAMIONNETTE_2,LIV_GRENOBLE_RECEPTION_0004
LIV_GRENOBLE_CONTROLE_ENTREE_0006,1,POSTE_CONTROLE_4,LIV_GRENOBLE_TRANSPORT_0005
LIV_GRENOBLE_CHARGEMENT_0007,1,QUAI_CHARGEMENT_8,LIV_GRENOBLE_CONTROLE_ENTREE_0006
LIV_GRENOBLE_EMBALLAGE_0008,2,ZONE_PREPARATION_10,LIV_GRENOBLE_CHARGEMENT_0007
CMD_TOULOUSE_STOCKAGE_0009,1,CHARIOT_ELEVATEUR_4,
CMD_TOULOUSE_EMBALLAGE_0010,1,ZONE_PREPARATION_6,CMD_TOULOUSE_STOCKAGE_0009
CMD_TOULOUSE_TRANSPORT_0011,8,CAMION_20T_7,CMD_TOULOUSE_EMBALLAGE_0010
CMD_TOULOUSE_CONTROLE_ENTREE_0012,1,POSTE_CONTROLE_3,CMD_TOULOUSE_TRANSPORT_0011
CMD_TOULOUSE_CHARGEMENT_0013,1,CHARIOT_ELEVATEUR_12,CMD_TOULOUSE_CONTROLE_ENTREE_0012
CMD_TOULOUSE_RECEPTION_0014,1,QUAI_DECHARGEMENT_7,CMD_TOULOUSE_CHARGEMENT_0013
CMD_TOULOUSE_LIVRAISON_0015,1,CAMIONNETTE_21,CMD_TOULOUSE_RECEPTION_0014
COLIS_NANCY_LIVRAISON_0016,5,CAMION_10T_15,
COLIS_NANCY_TRANSPORT_0017,2,CAMION_10T_20,COLIS_NANCY_LIVRAISON_0016
COLIS_NANCY_RECEPTION_0018,2,QUAI_DECHARGEMENT_4,COLIS_NANCY_TRANSPORT_0017
COLIS_NANCY_EMBALLAGE_0019,1,ZONE_PREPARATION_10,COLIS_NANCY_RECEPTION_0018
COLIS_NANCY_CONTROLE_ENTREE_0020,1,POSTE_CONTROLE_3,COLIS_NANCY_EMBALLAGE_0019
COLIS_NANCY_STOCKAGE_0021,1,CHARIOT_ELEVATEUR_9,COLIS_NANCY_CONTROLE_ENTREE_0020
CMD_BORDEAUX_CHARGEMENT_0022,2,QUAI_CHARGEMENT_6,
CMD_BORDEAUX_CONTROLE_ENTREE_0023,1,POSTE_CONTROLE_5,CMD_BORDEAUX_CHARGEMENT_0022
CMD_BORDEAUX_PREPARATION_COMMANDE_0024,2,ZONE_PREPARATION_9,CMD_BORDEAUX_CONTROLE_ENTREE_0023
CMD_BORDEAUX_TRANSPORT_0025,4,CAMION_10T_5,CMD_BORDEAUX_PREPARATION_COMMANDE_0024
CMD_BORDEAUX_RECEPTION_0026,1,QUAI_DECHARGEMENT_7,CMD_BORDEAUX_TRANSPORT_0025
CMD_BORDEAUX_EMBALLAGE_0027,2,ZONE_PREPARATION_7,CMD_BORDEAUX_RECEPTION_0026
CMD_BORDEAUX_CHARGEMENT_0028,1,CHARIOT_ELEVATEUR_1,
CMD_BORDEAUX_TRANSPORT_0029,2,CAMIONNETTE_5,CMD_BORDEAUX_CHARGEMENT_0028
CMD_BORDEAUX_CONTROLE_ENTREE_0030,1,POSTE_CONTROLE_2,CMD_BORDEAUX_TRANSPORT_0029
CMD_BORDEAUX_PREPARATION_COMMANDE_0031,2,ZONE_PREPARATION_7,CMD_BORDEAUX_CONTROLE_ENTREE_0030
CMD_BORDEAUX_EMBALLAGE_0032,2,ZONE_PREPARATION_10,CMD_BORDEAUX_PREPARATION_COMMANDE_0031
CMD_BORDEAUX_RECEPTION_0033,2,QUAI_DECHARGEMENT_2,CMD_BORDEAUX_EMBALLAGE_0032
CMD_BORDEAUX_STOCKAGE_0034,1,ZONE_STOCKAGE_9,CMD_BORDEAUX_RECEPTION_0033
CMD_NANTES_RECEPTION_0035,2,QUAI_DECHARGEMENT_8,
CMD_NANTES_CONTROLE_ENTREE_0036,1,POSTE_CONTROLE_1,CMD_NANTES_RECEPTION_0035
CMD_NANTES_PREPARATION_COMMANDE_0037,2,ZONE_PREPARATION_8,CMD_NANTES_CONTROLE_ENTREE_0036
CMD_NANTES_EMBALLAGE_0038,1,ZONE_PREPARATION_9,CMD_NANTES_PREPARATION_COMMANDE_0037
CMD_NANTES_CHARGEMENT_0039,1,CHARIOT_ELEVATEUR_3,CMD_NANTES_EMBALLAGE_0038
CMD_NANTES_LIVRAISON_0040,1,CAMION_20T_15,CMD_NANTES_CHARGEMENT_0039
CMD_BORDEAUX_STOCKAGE_0041,1,CHARIOT_ELEVATEUR_7,
CMD_BORDEAUX_RECEPTION_0042,2,QUAI_DECHARGEMENT_4,CMD_BORDEAUX_STOCKAGE_0041
CMD_BORDEAUX_CHARGEMENT_0043,1,CHARIOT_ELEVATEUR_1,CMD_BORDEAUX_RECEPTION_0042
CMD_BORDEAUX_LIVRAISON_0044,8,CAMION_20T_15,CMD_BORDEAUX_CHARGEMENT_0043
CMD_BORDEAUX_EMBALLAGE_0045,2,ZONE_PREPARATION_9,CMD_BORDEAUX_LIVRAISON_0044
CMD_BORDEAUX_TRANSPORT_0046,5,CAMION_20T_11,CMD_BORDEAUX_EMBALLAGE_0045
LIV_TOURS_CONTROLE_ENTREE_0047,1,POSTE_CONTROLE_6,
LIV_TOURS_RECEPTION_0048,1,QUAI_DECHARGEMENT_4,LIV_TOURS_CONTROLE_ENTREE_0047
LIV_TOURS_CHARGEMENT_0049,1,QUAI_CHARGEMENT_3,LIV_TOURS_RECEPTION_0048
LIV_TOURS_EMBALLAGE_0050,2,ZONE_PREPARATION_5,LIV_TOURS_CHARGEMENT_0049
LIV_TOURS_TRANSPORT_0051,3,CAMION_10T_4,LIV_TOURS_EMBALLAGE_0050
LIV_TOURS_PREPARATION_COMMANDE_0052,1,ZONE_PREPARATION_1,LIV_TOURS_TRANSPORT_0051
LIV_TOURS_LIVRAISON_0053,4,CAMION_10T_7,LIV_TOURS_PREPARATION_COMMANDE_0052
LIV_TOURS_STOCKAGE_0054,1,CHARIOT_ELEVATEUR_12,LIV_TOURS_LIVRAISON_0053
COLIS_ROUEN_PREPARATION_COMMANDE_0055,2,ZONE_PREPARATION_4,
COLIS_ROUEN_TRANSPORT_0056,8,CAMION_20T_3,COLIS_ROUEN_PREPARATION_COMMANDE_0055
COLIS_ROUEN_CHARGEMENT_0057,1,CHARIOT_ELEVATEUR_3,COLIS_ROUEN_TRANSPORT_0056
COLIS_ROUEN_STOCKAGE_0058,1,CHARIOT_ELEVATEUR_9,COLIS_ROUEN_CHARGEMENT_0057
COLIS_ROUEN_EMBALLAGE_0059,2,ZONE_PREPARATION_10,COLIS_ROUEN_STOCKAGE_0058
COLIS_ROUEN_RECEPTION_0060,2,QUAI_DECHARGEMENT_5,COLIS_ROUEN_EMBALLAGE_0059
CMD_NICE_CONTROLE_ENTREE_0061,1,POSTE_CONTROLE_3,
CMD_NICE_RECEPTION_0062,2,QUAI_DECHARGEMENT_8,CMD_NICE_CONTROLE_ENTREE_0061
CMD_NICE_CHARGEMENT_0063,1,QUAI_CHARGEMENT_4,CMD_NICE_RECEPTION_0062
CMD_NICE_STOCKAGE_0064,1,ZONE_STOCKAGE_4,CMD_NICE_CHARGEMENT_0063
CMD_NICE_EMBALLAGE_0065,2,ZONE_PREPARATION_4,CMD_NICE_STOCKAGE_0064
CMD_NICE_TRANSPORT_0066,2,CAMIONNETTE_25,CMD_NICE_EMBALLAGE_0065
COLIS_ROUEN_STOCKAGE_0067,1,ZONE_STOCKAGE_18,
COLIS_ROUEN_TRANSPORT_0068,2,CAMIONNETTE_1,COLIS_ROUEN_STOCKAGE_0067
COLIS_ROUEN_PREPARATION_COMMANDE_0069,1,ZONE_PREPARATION_9,COLIS_ROUEN_TRANSPORT_0068
COLIS_ROUEN_EMBALLAGE_0070,1,ZONE_PREPARATION_4,COLIS_ROUEN_PREPARATION_COMMANDE_0069
COLIS_ROUEN_CONTROLE_ENTREE_0071,1,POSTE_CONTROLE_6,COLIS_ROUEN_EMBALLAGE_0070
COLIS_ROUEN_CHARGEMENT_0072,1,CHARIOT_ELEVATEUR_5,COLIS_ROUEN_CONTROLE_ENTREE_0071
COLIS_ROUEN_LIVRAISON_0073,3,CAMION_10T_15,COLIS_ROUEN_CHARGEMENT_0072
COLIS_ROUEN_RECEPTION_0074,1,QUAI_DECHARGEMENT_6,COLIS_ROUEN_LIVRAISON_0073
CMD_LYON_LIVRAISON_0075,5,CAMION_10T_7,
CMD_LYON_PREPARATION_COMMANDE_0076,2,ZONE_PREPARATION_3,CMD_LYON_LIVRAISON_0075
CMD_LYON_TRANSPORT_0077,3,CAMION_20T_6,CMD_LYON_PREPARATION_COMMANDE_0076
CMD_LYON_EMBALLAGE_0078,2,ZONE_PREPARATION_8,CMD_LYON_TRANSPORT_0077
CMD_LYON_RECEPTION_0079,1,QUAI_DECHARGEMENT_7,CMD_LYON_EMBALLAGE_0078
CMD_LYON_CONTROLE_ENTREE_0080,1,POSTE_CONTROLE_4,CMD_LYON_RECEPTION_0079
CMD_LYON_STOCKAGE_0081,1,CHARIOT_ELEVATEUR_5,CMD_LYON_CONTROLE_ENTREE_0080
COLIS_NANCY_CHARGEMENT_0082,1,CHARIOT_ELEVATEUR_7,
COLIS_NANCY_LIVRAISON_0083,2,CAMIONNETTE_12,COLIS_NANCY_CHARGEMENT_0082
COLIS_NANCY_PREPARATION_COMMANDE_0084,1,ZONE_PREPARATION_5,COLIS_NANCY_LIVRAISON_0083
COLIS_NANCY_STOCKAGE_0085,1,CHARIOT_ELEVATEUR_7,COLIS_NANCY_PREPARATION_COMMANDE_0084
COLIS_NANCY_EMBALLAGE_0086,1,ZONE_PREPARATION_6,COLIS_NANCY_STOCKAGE_0085
COLIS_NANCY_CONTROLE_ENTREE_0087,1,POSTE_CONTROLE_5,COLIS_NANCY_EMBALLAGE_0086
COLIS_NANCY_RECEPTION_0088,1,QUAI_DECHARGEMENT_1,COLIS_NANCY_CONTROLE_ENTREE_0087
COLIS_NANCY_TRANSPORT_0089,4,CAMION_10T_16,COLIS_NANCY_RECEPTION_0088
CMD_LILLE_CONTROLE_ENTREE_0090,1,POSTE_CONTROLE_3,
CMD_LILLE_EMBALLAGE_0091,2,ZONE_PREPARATION_4,CMD_LILLE_CONTROLE_ENTREE_0090
CMD_LILLE_CHARGEMENT_0092,1,QUAI_CHARGEMENT_6,CMD_LILLE_EMBALLAGE_0091
CMD_LILLE_LIVRAISON_0093,1,CAMION_10T_15,CMD_LILLE_CHARGEMENT_0092
CMD_LILLE_TRANSPORT_0094,2,CAMIONNETTE_3,CMD_LILLE_LIVRAISON_0093
CMD_LILLE_PREPARATION_COMMANDE_0095,1,ZONE_PREPARATION_8,CMD_LILLE_TRANSPORT_0094
CMD_LILLE_STOCKAGE_0096,1,CHARIOT_ELEVATEUR_4,CMD_LILLE_PREPARATION_COMMANDE_0095
COLIS_CAEN_CONTROLE_ENTREE_0097,1,POSTE_CONTROLE_5,
COLIS_CAEN_TRANSPORT_0098,2,CAMIONNETTE_13,COLIS_CAEN_CONTROLE_ENTREE_0097
COLIS_CAEN_PREPARATION_COMMANDE_0099,1,ZONE_PREPARATION_4,COLIS_CAEN_TRANSPORT_0098
COLIS_CAEN_EMBALLAGE_0100,2,ZONE_PREPARATION_4,COLIS_CAEN_PREPARATION_COMMANDE_0099
COLIS_CAEN_RECEPTION_0101,1,QUAI_DECHARGEMENT_5,COLIS_CAEN_EMBALLAGE_0100
COLIS_CAEN_CHARGEMENT_0102,2,QUAI_CHARGEMENT_5,COLIS_CAEN_RECEPTION_0101
PALETTE_TROYES_CHARGEMENT_0103,1,CHARIOT_ELEVATEUR_8,
PALETTE_TROYES_TRANSPORT_0104,3,CAMION_20T_11,PALETTE_TROYES_CHARGEMENT_0103
PALETTE_TROYES_EMBALLAGE_0105,2,ZONE_PREPARATION_7,PALETTE_TROYES_TRANSPORT_0104
PALETTE_TROYES_LIVRAISON_0106,4,CAMION_10T_15,PALETTE_TROYES_EMBALLAGE_0105
PALETTE_TROYES_PREPARATION_COMMANDE_0107,1,ZONE_PREPARATION_10,PALETTE_TROYES_LIVRAISON_0106
PALETTE_TROYES_RECEPTION_0108,1,QUAI_DECHARGEMENT_4,PALETTE_TROYES_PREPARATION_COMMANDE_0107
LIV_GRENOBLE_CHARGEMENT_0109,1,CHARIOT_ELEVATEUR_9,
LIV_GRENOBLE_LIVRAISON_0110,2,CAMIONNETTE_17,LIV_GRENOBLE_CHARGEMENT_0109
LIV_GRENOBLE_RECEPTION_0111,1,QUAI_DECHARGEMENT_3,LIV_GRENOBLE_LIVRAISON_0110
LIV_GRENOBLE_PREPARATION_COMMANDE_0112,2,ZONE_PREPARATION_3,LIV_GRENOBLE_RECEPTION_0111
LIV_GRENOBLE_TRANSPORT_0113,4,CAMION_10T_3,LIV_GRENOBLE_PREPARATION_COMMANDE_0112
LIV_GRENOBLE_CONTROLE_ENTREE_0114,1,POSTE_CONTROLE_5,LIV_GRENOBLE_TRANSPORT_0113
LIV_GRENOBLE_EMBALLAGE_0115,2,ZONE_PREPARATION_4,LIV_GRENOBLE_CONTROLE_ENTREE_0114
ENVOI_CLERMONT_LIVRAISON_0116,4,CAMION_10T_11,
ENVOI_CLERMONT_TRANSPORT_0117,1,CAMION_20T_14,ENVOI_CLERMONT_LIVRAISON_0116
ENVOI_CLERMONT_STOCKAGE_0118,1,ZONE_STOCKAGE_6,ENVOI_CLERMONT_TRANSPORT_0117
ENVOI_CLERMONT_CHARGEMENT_0119,1,QUAI_CHARGEMENT_8,ENVOI_CLERMONT_STOCKAGE_0118
ENVOI_CLERMONT_PREPARATION_COMMANDE_0120,2,ZONE_PREPARATION_10,ENVOI_CLERMONT_CHARGEMENT_0119
ENVOI_CLERMONT_EMBALLAGE_0121,2,ZONE_PREPARATION_6,ENVOI_CLERMONT_PREPARATION_COMMANDE_0120
ENVOI_CLERMONT_RECEPTION_0122,2,QUAI_DECHARGEMENT_6,ENVOI_CLERMONT_EMBALLAGE_0121
LIV_REIMS_TRANSPORT_0123,2,CAMION_20T_2,
LIV_REIMS_STOCKAGE_0124,1,CHARIOT_ELEVATEUR_8,LIV_REIMS_TRANSPORT_0123
LIV_REIMS_CHARGEMENT_0125,2,QUAI_CHARGEMENT_2,LIV_REIMS_STOCKAGE_0124
LIV_REIMS_LIVRAISON_0126,5,CAMION_20T_6,LIV_REIMS_CHARGEMENT_0125
LIV_REIMS_PREPARATION_COMMANDE_0127,1,ZONE_PREPARATION_2,LIV_REIMS_LIVRAISON_0126
LIV_REIMS_EMBALLAGE_0128,2,ZONE_PREPARATION_2,LIV_REIMS_PREPARATION_COMMANDE_0127
CMD_BORDEAUX_CONTROLE_ENTREE_0129,1,POSTE_CONTROLE_3,
CMD_BORDEAUX_TRANSPORT_0130,2,CAMIONNETTE_13,CMD_BORDEAUX_CONTROLE_ENTREE_0129
CMD_BORDEAUX_EMBALLAGE_0131,2,ZONE_PREPARATION_4,CMD_BORDEAUX_TRANSPORT_0130
CMD_BORDEAUX_LIVRAISON_0132,3,CAMIONNETTE_9,CMD_BORDEAUX_EMBALLAGE_0131
CMD_BORDEAUX_CHARGEMENT_0133,1,CHARIOT_ELEVATEUR_3,CMD_BORDEAUX_LIVRAISON_0132
CMD_BORDEAUX_RECEPTION_0134,2,QUAI_DECHARGEMENT_4,CMD_BORDEAUX_CHARGEMENT_0133
CMD_BORDEAUX_STOCKAGE_0135,1,ZONE_STOCKAGE_3,CMD_BORDEAUX_RECEPTION_0134
CMD_LYON_LIVRAISON_0136,3,CAMIONNETTE_25,
CMD_LYON_TRANSPORT_0137,1,CAMION_10T_10,CMD_LYON_LIVRAISON_0136
CMD_LYON_PREPARATION_COMMANDE_0138,1,ZONE_PREPARATION_3,CMD_LYON_TRANSPORT_0137
CMD_LYON_CONTROLE_ENTREE_0139,1,POSTE_CONTROLE_1,CMD_LYON_PREPARATION_COMMANDE_0138
CMD_LYON_EMBALLAGE_0140,1,ZONE_PREPARATION_1,CMD_LYON_CONTROLE_ENTREE_0139
CMD_LYON_STOCKAGE_0141,1,ZONE_STOCKAGE_10,CMD_LYON_EMBALLAGE_0140
FRET_VALENCE_TRANSPORT_0142,1,CAMION_10T_17,
FRET_VALENCE_CHARGEMENT_0143,1,QUAI_CHARGEMENT_2,FRET_VALENCE_TRANSPORT_0142
FRET_VALENCE_PREPARATION_COMMANDE_0144,1,ZONE_PREPARATION_3,FRET_VALENCE_CHARGEMENT_0143
FRET_VALENCE_EMBALLAGE_0145,1,ZONE_PREPARATION_8,FRET_VALENCE_PREPARATION_COMMANDE_0144
FRET_VALENCE_RECEPTION_0146,2,QUAI_DECHARGEMENT_5,FRET_VALENCE_EMBALLAGE_0145
FRET_VALENCE_CONTROLE_ENTREE_0147,1,POSTE_CONTROLE_1,FRET_VALENCE_RECEPTION_0146
FRET_VALENCE_LIVRAISON_0148,2,CAMION_10T_16,FRET_VALENCE_CONTROLE_ENTREE_0147
FRET_VALENCE_STOCKAGE_0149,1,ZONE_STOCKAGE_5,FRET_VALENCE_LIVRAISON_0148
LIV_ANGERS_STOCKAGE_0150,1,CHARIOT_ELEVATEUR_8,
LIV_ANGERS_CHARGEMENT_0151,1,CHARIOT_ELEVATEUR_7,LIV_ANGERS_STOCKAGE_0150
LIV_ANGERS_LIVRAISON_0152,3,CAMIONNETTE_10,LIV_ANGERS_CHARGEMENT_0151
LIV_ANGERS_CONTROLE_ENTREE_0153,1,POSTE_CONTROLE_2,LIV_ANGERS_LIVRAISON_0152
LIV_ANGERS_TRANSPORT_0154,4,CAMION_10T_4,LIV_ANGERS_CONTROLE_ENTREE_0153
LIV_ANGERS_PREPARATION_COMMANDE_0155,2,ZONE_PREPARATION_10,LIV_ANGERS_TRANSPORT_0154
LIV_ANGERS_EMBALLAGE_0156,1,ZONE_PREPARATION_5,LIV_ANGERS_PREPARATION_COMMANDE_0155
LIV_ANGERS_RECEPTION_0157,2,QUAI_DECHARGEMENT_3,LIV_ANGERS_EMBALLAGE_0156
COLIS_NANCY_PREPARATION_COMMANDE_0158,1,ZONE_PREPARATION_1,
COLIS_NANCY_STOCKAGE_0159,1,CHARIOT_ELEVATEUR_11,COLIS_NANCY_PREPARATION_COMMANDE_0158
COLIS_NANCY_EMBALLAGE_0160,1,ZONE_PREPARATION_5,COLIS_NANCY_STOCKAGE_0159
COLIS_NANCY_CHARGEMENT_0161,1,CHARIOT_ELEVATEUR_10,COLIS_NANCY_EMBALLAGE_0160
COLIS_NANCY_RECEPTION_0162,2,QUAI_DECHARGEMENT_1,COLIS_NANCY_CHARGEMENT_0161
COLIS_NANCY_TRANSPORT_0163,1,CAMION_20T_8,COLIS_NANCY_RECEPTION_0162
COLIS_NANCY_CONTROLE_ENTREE_0164,1,POSTE_CONTROLE_2,COLIS_NANCY_TRANSPORT_0163
LIV_REIMS_TRANSPORT_0165,1,CAMIONNETTE_4,
LIV_REIMS_LIVRAISON_0166,1,CAMION_10T_16,LIV_REIMS_TRANSPORT_0165
LIV_REIMS_EMBALLAGE_0167,1,ZONE_PREPARATION_2,LIV_REIMS_LIVRAISON_0166
LIV_REIMS_PREPARATION_COMMANDE_0168,2,ZONE_PREPARATION_5,LIV_REIMS_EMBALLAGE_0167
LIV_REIMS_RECEPTION_0169,1,QUAI_DECHARGEMENT_4,LIV_REIMS_PREPARATION_COMMANDE_0168
LIV_REIMS_STOCKAGE_0170,1,ZONE_STOCKAGE_16,LIV_REIMS_RECEPTION_0169
CMD_RENNES_CONTROLE_ENTREE_0171,1,POSTE_CONTROLE_6,
CMD_RENNES_TRANSPORT_0172,1,CAMIONNETTE_17,CMD_RENNES_CONTROLE_ENTREE_0171
CMD_RENNES_RECEPTION_0173,1,QUAI_DECHARGEMENT_7,CMD_RENNES_TRANSPORT_0172
CMD_RENNES_CHARGEMENT_0174,1,QUAI_CHARGEMENT_1,CMD_RENNES_RECEPTION_0173
CMD_RENNES_EMBALLAGE_0175,1,ZONE_PREPARATION_10,CMD_RENNES_CHARGEMENT_0174
CMD_RENNES_PREPARATION_COMMANDE_0176,1,ZONE_PREPARATION_3,CMD_RENNES_EMBALLAGE_0175
CMD_RENNES_LIVRAISON_0177,2,CAMION_20T_10,CMD_RENNES_PREPARATION_COMMANDE_0176
CMD_RENNES_STOCKAGE_0178,1,ZONE_STOCKAGE_13,CMD_RENNES_LIVRAISON_0177
CMD_NICE_TRANSPORT_0179,5,CAMION_20T_2,
CMD_NICE_PREPARATION_COMMANDE_0180,2,ZONE_PREPARATION_2,CMD_NICE_TRANSPORT_0179
CMD_NICE_RECEPTION_0181,2,QUAI_DECHARGEMENT_1,CMD_NICE_PREPARATION_COMMANDE_0180
CMD_NICE_CONTROLE_ENTREE_0182,1,POSTE_CONTROLE_1,CMD_NICE_RECEPTION_0181
CMD_NICE_STOCKAGE_0183,1,ZONE_STOCKAGE_11,CMD_NICE_CONTROLE_ENTREE_0182
CMD_NICE_EMBALLAGE_0184,1,ZONE_PREPARATION_10,CMD_NICE_STOCKAGE_0183
CMD_NICE_LIVRAISON_0185,2,CAMION_20T_1,CMD_NICE_EMBALLAGE_0184
CMD_NICE_CHARGEMENT_0186,1,QUAI_CHARGEMENT_8,CMD_NICE_LIVRAISON_0185
LIV_TOURS_CHARGEMENT_0187,2,QUAI_CHARGEMENT_1,
LIV_TOURS_LIVRAISON_0188,2,CAMION_20T_7,LIV_TOURS_CHARGEMENT_0187
LIV_TOURS_PREPARATION_COMMANDE_0189,1,ZONE_PREPARATION_4,LIV_TOURS_LIVRAISON_0188
LIV_TOURS_TRANSPORT_0190,2,CAMION_20T_12,LIV_TOURS_PREPARATION_COMMANDE_0189
LIV_TOURS_EMBALLAGE_0191,1,ZONE_PREPARATION_10,LIV_TOURS_TRANSPORT_0190
LIV_TOURS_STOCKAGE_0192,1,CHARIOT_ELEVATEUR_12,LIV_TOURS_EMBALLAGE_0191
