code_operation,duree_minutes,poste_id,operation_precedente
BATCH001_EPLUCHAGE_0001,50,LIGNE_EPLUCHAGE_3,
BATCH001_CUISSON_0002,135,AUTOCLAVE_4,BATCH001_EPLUCHAGE_0001
BATCH001_CONDITIONNEMENT_0003,41,LIGNE_CONDITIONNEMENT_2,BATCH001_CUISSON_0002
BATCH001_RECEPTION_0004,22,QUAI_RECEPTION_2,BATCH001_CONDITIONNEMENT_0003
BATCH001_PALETTISATION_0005,39,ROBOT_PALETTISEUR_5,BATCH001_RECEPTION_0004
BATCH001_CONTROLE_0006,21,POSTE_CONTROLE_QUALITE_1,BATCH001_PALETTISATION_0005
BATCH001_REFROIDISSEMENT_0007,81,TUNNEL_REFROIDISSEMENT_2,BATCH001_CONTROLE_0006
BATCH001_LAVAGE_0008,37,TUNNEL_LAVAGE_1,BATCH001_REFROIDISSEMENT_0007
BATCH001_ETIQUETAGE_0009,35,ETIQUETEUSE_3,BATCH001_LAVAGE_0008
BATCH001_DECOUPE_0010,30,ROBOT_DECOUPE_4,BATCH001_ETIQUETAGE_0009
BATCH002_CONDITIONNEMENT_0011,51,LIGNE_CONDITIONNEMENT_1,
BATCH002_CONTROLE_0012,13,POSTE_CONTROLE_QUALITE_1,BATCH002_CONDITIONNEMENT_0011
BATCH002_RECEPTION_0013,42,QUAI_RECEPTION_3,BATCH002_CONTROLE_0012
BATCH002_CUISSON_0014,157,AUTOCLAVE_5,BATCH002_RECEPTION_0013
BATCH002_DECOUPE_0015,28,ROBOT_DECOUPE_6,BATCH002_CUISSON_0014
BATCH002_ETIQUETAGE_0016,31,ETIQUETEUSE_4,BATCH002_DECOUPE_0015
BATCH002_EPLUCHAGE_0017,54,LIGNE_EPLUCHAGE_4,BATCH002_ETIQUETAGE_0016
BATCH003_ETIQUETAGE_0018,25,ETIQUETEUSE_5,
BATCH003_LAVAGE_0019,30,TUNNEL_LAVAGE_1,BATCH003_ETIQUETAGE_0018
BATCH003_REFROIDISSEMENT_0020,76,TUNNEL_REFROIDISSEMENT_4,BATCH003_LAVAGE_0019
BATCH003_CUISSON_0021,94,AUTOCLAVE_2,BATCH003_REFROIDISSEMENT_0020
BATCH003_CONDITIONNEMENT_0022,65,LIGNE_CONDITIONNEMENT_1,BATCH003_CUISSON_0021
BATCH003_DECOUPE_0023,35,ROBOT_DECOUPE_1,BATCH003_CONDITIONNEMENT_0022
BATCH003_RECEPTION_0024,31,QUAI_RECEPTION_3,BATCH003_DECOUPE_0023
BATCH003_CONTROLE_0025,13,POSTE_CONTROLE_QUALITE_5,BATCH003_RECEPTION_0024
BATCH003_PALETTISATION_0026,27,ROBOT_PALETTISEUR_1,BATCH003_CONTROLE_0025
BATCH004_CONDITIONNEMENT_0027,47,LIGNE_CONDITIONNEMENT_4,
BATCH004_ETIQUETAGE_0028,23,ETIQUETEUSE_4,BATCH004_CONDITIONNEMENT_0027
BATCH004_EPLUCHAGE_0029,74,LIGNE_EPLUCHAGE_2,BATCH004_ETIQUETAGE_0028
BATCH004_CONTROLE_0030,16,POSTE_CONTROLE_QUALITE_2,BATCH004_EPLUCHAGE_0029
BATCH004_REFROIDISSEMENT_0031,108,TUNNEL_REFROIDISSEMENT_4,BATCH004_CONTROLE_0030
BATCH004_DECOUPE_0032,33,ROBOT_DECOUPE_1,BATCH004_REFROIDISSEMENT_0031
BATCH004_PALETTISATION_0033,28,ROBOT_PALETTISEUR_2,BATCH004_DECOUPE_0032
BATCH005_PALETTISATION_0034,28,ROBOT_PALETTISEUR_4,
BATCH005_REFROIDISSEMENT_0035,64,TUNNEL_REFROIDISSEMENT_1,BATCH005_PALETTISATION_0034
BATCH005_CUISSON_0036,127,AUTOCLAVE_6,BATCH005_REFROIDISSEMENT_0035
BATCH005_ETIQUETAGE_0037,33,ETIQUETEUSE_6,BATCH005_CUISSON_0036
BATCH005_LAVAGE_0038,60,TUNNEL_LAVAGE_3,BATCH005_ETIQUETAGE_0037
BATCH005_EPLUCHAGE_0039,75,LIGNE_EPLUCHAGE_5,BATCH005_LAVAGE_0038
BATCH005_CONTROLE_0040,25,POSTE_CONTROLE_QUALITE_6,BATCH005_EPLUCHAGE_0039
BATCH005_DECOUPE_0041,48,ROBOT_DECOUPE_2,BATCH005_CONTROLE_0040
BATCH005_CONDITIONNEMENT_0042,38,LIGNE_CONDITIONNEMENT_8,BATCH005_DECOUPE_0041
BATCH006_RECEPTION_0043,35,QUAI_RECEPTION_3,
BATCH006_CONDITIONNEMENT_0044,54,LIGNE_CONDITIONNEMENT_9,BATCH006_RECEPTION_0043
BATCH006_CUISSON_0045,111,AUTOCLAVE_2,BATCH006_CONDITIONNEMENT_0044
BATCH006_REFROIDISSEMENT_0046,108,TUNNEL_REFROIDISSEMENT_4,BATCH006_CUISSON_0045
BATCH006_LAVAGE_0047,48,TUNNEL_LAVAGE_2,BATCH006_REFROIDISSEMENT_0046
BATCH006_PALETTISATION_0048,38,ROBOT_PALETTISEUR_4,BATCH006_LAVAGE_0047
BATCH006_EPLUCHAGE_0049,47,LIGNE_EPLUCHAGE_3,BATCH006_PALETTISATION_0048
BATCH007_CONDITIONNEMENT_0050,55,LIGNE_CONDITIONNEMENT_3,
BATCH007_REFROIDISSEMENT_0051,114,TUNNEL_REFROIDISSEMENT_4,BATCH007_CONDITIONNEMENT_0050
BATCH007_PALETTISATION_0052,38,ROBOT_PALETTISEUR_5,BATCH007_REFROIDISSEMENT_0051
BATCH007_RECEPTION_0053,41,QUAI_RECEPTION_1,BATCH007_PALETTISATION_0052
BATCH007_CONTROLE_0054,17,POSTE_CONTROLE_QUALITE_3,BATCH007_RECEPTION_0053
BATCH007_DECOUPE_0055,35,ROBOT_DECOUPE_6,BATCH007_CONTROLE_0054
BATCH007_LAVAGE_0056,55,TUNNEL_LAVAGE_2,BATCH007_DECOUPE_0055
BATCH007_EPLUCHAGE_0057,50,LIGNE_EPLUCHAGE_2,BATCH007_LAVAGE_0056
BATCH007_ETIQUETAGE_0058,30,ETIQUETEUSE_4,BATCH007_EPLUCHAGE_0057
BATCH008_RECEPTION_0059,45,QUAI_RECEPTION_2,
BATCH008_LAVAGE_0060,44,TUNNEL_LAVAGE_3,BATCH008_RECEPTION_0059
BATCH008_REFROIDISSEMENT_0061,60,TUNNEL_REFROIDISSEMENT_3,BATCH008_LAVAGE_0060
BATCH008_PALETTISATION_0062,31,ROBOT_PALETTISEUR_4,BATCH008_REFROIDISSEMENT_0061
BATCH008_CONDITIONNEMENT_0063,44,LIGNE_CONDITIONNEMENT_7,BATCH008_PALETTISATION_0062
BATCH008_ETIQUETAGE_0064,19,ETIQUETEUSE_5,BATCH008_CONDITIONNEMENT_0063
BATCH008_EPLUCHAGE_0065,66,LIGNE_EPLUCHAGE_5,BATCH008_ETIQUETAGE_0064
BATCH008_CUISSON_0066,175,AUTOCLAVE_2,BATCH008_EPLUCHAGE_0065
BATCH008_CONTROLE_0067,20,POSTE_CONTROLE_QUALITE_5,BATCH008_CUISSON_0066
BATCH009_PALETTISATION_0068,45,ROBOT_PALETTISEUR_3,
BATCH009_DECOUPE_0069,31,ROBOT_DECOUPE_6,BATCH009_PALETTISATION_0068
BATCH009_CONDITIONNEMENT_0070,50,LIGNE_CONDITIONNEMENT_5,BATCH009_DECOUPE_0069
BATCH009_EPLUCHAGE_0071,79,LIGNE_EPLUCHAGE_2,BATCH009_CONDITIONNEMENT_0070
BATCH009_LAVAGE_0072,35,TUNNEL_LAVAGE_2,BATCH009_EPLUCHAGE_0071
BATCH009_RECEPTION_0073,34,QUAI_RECEPTION_3,BATCH009_LAVAGE_0072
BATCH009_CONTROLE_0074,13,POSTE_CONTROLE_QUALITE_7,BATCH009_RECEPTION_0073
BATCH009_REFROIDISSEMENT_0075,98,TUNNEL_REFROIDISSEMENT_3,BATCH009_CONTROLE_0074
BATCH010_PALETTISATION_0076,35,ROBOT_PALETTISEUR_2,
BATCH010_CONTROLE_0077,13,POSTE_CONTROLE_QUALITE_3,BATCH010_PALETTISATION_0076
BATCH010_EPLUCHAGE_0078,64,LIGNE_EPLUCHAGE_1,BATCH010_CONTROLE_0077
BATCH010_CUISSON_0079,116,AUTOCLAVE_4,BATCH010_EPLUCHAGE_0078
BATCH010_ETIQUETAGE_0080,23,ETIQUETEUSE_3,BATCH010_CUISSON_0079
BATCH010_LAVAGE_0081,60,TUNNEL_LAVAGE_3,BATCH010_ETIQUETAGE_0080
BATCH010_CONDITIONNEMENT_0082,62,LIGNE_CONDITIONNEMENT_7,BATCH010_LAVAGE_0081
BATCH011_LAVAGE_0083,33,TUNNEL_LAVAGE_1,
BATCH011_PALETTISATION_0084,28,ROBOT_PALETTISEUR_5,BATCH011_LAVAGE_0083
BATCH011_CONTROLE_0085,20,POSTE_CONTROLE_QUALITE_2,BATCH011_PALETTISATION_0084
BATCH011_RECEPTION_0086,37,QUAI_RECEPTION_1,BATCH011_CONTROLE_0085
BATCH011_DECOUPE_0087,31,ROBOT_DECOUPE_3,BATCH011_RECEPTION_0086
BATCH011_EPLUCHAGE_0088,64,LIGNE_EPLUCHAGE_5,BATCH011_DECOUPE_0087
BATCH011_REFROIDISSEMENT_0089,109,TUNNEL_REFROIDISSEMENT_3,BATCH011_EPLUCHAGE_0088
BATCH011_ETIQUETAGE_0090,35,ETIQUETEUSE_2,BATCH011_REFROIDISSEMENT_0089
BATCH011_CUISSON_0091,163,AUTOCLAVE_1,BATCH011_ETIQUETAGE_0090
BATCH011_CONDITIONNEMENT_0092,61,LIGNE_CONDITIONNEMENT_6,BATCH011_CUISSON_0091
SUPP_0093,66,TUNNEL_REFROIDISSEMENT_2,
SUPP_0094,58,LIGNE_CONDITIONNEMENT_10,
SUPP_0095,71,LIGNE_EPLUCHAGE_3,
SUPP_0096,36,TUNNEL_LAVAGE_1,
SUPP_0097,96,TUNNEL_REFROIDISSEMENT_4,
SUPP_0098,35,TUNNEL_LAVAGE_3,
SUPP_0099,82,TUNNEL_REFROIDISSEMENT_3,
SUPP_0100,43,TUNNEL_LAVAGE_2,
