type,tache_avant,tache_apres,tache,ressource,duree_jours,competence
precedence,DECOUP_001,PERCAGE_001,,,,
precedence,PERCAGE_001,PLIAGE_001,,,,
precedence,PLIAGE_001,SOUDURE_001,,,,
precedence,PLIAGE_001,SOUDURE_002,,,,
precedence,SOUDURE_001,PEINTURE_001,,,,
precedence,PEINTURE_001,ASSEMBLAGE_FINAL,,,,
precedence,ASSEMBLAGE_FINAL,CONTROLE_QUALITE,,,,
compatibilite_ressource_tache,,,DECOUP_001,DECOUPEUSE_LASER,1,
compatibilite_ressource_tache,,,PERCAGE_001,PERCEUSE_CNC,1,
compatibilite_ressource_tache,,,PLIAGE_001,PRESSE_PLIAGE,1,
compatibilite_ressource_tache,,,SOUDURE_001,POSTE_SOUDURE_1,2,
compatibilite_ressource_tache,,,SOUDURE_002,POSTE_SOUDURE_2,2,
compatibilite_ressource_tache,,,PEINTURE_001,CABINE_PEINTURE,1,
compatibilite_ressource_tache,,,ASSEMBLAGE_FINAL,POSTE_ASSEMBLAGE,2,
compatibilite_ressource_tache,,,CONTROLE_QUALITE,POSTE_CONTROLE,1,
